schema_version,run_id,suite,grammar_id,parser,case_id,metric,value
1,20260726T135725.806593Z,earley,cfg2,lean,earley.cfg2.n001,cached_endpoints,1
1,20260726T135725.806593Z,earley,cfg2,lean,earley.cfg2.n001,memo_entries,2
1,20260726T135725.806593Z,earley,cfg2,lean,earley.cfg2.n001,memo_tags,1
1,20260726T135725.806593Z,earley,cfg2,lean,earley.cfg2.n001,representative_tree_nodes,4
1,20260726T135725.806593Z,earley,cfg2,lean,earley.cfg2.n001,successful_ends,1
1,20260726T135725.806593Z,earley,cfg1,lean,earley.cfg1.n001,cached_endpoints,2
1,20260726T135725.806593Z,earley,cfg1,lean,earley.cfg1.n001,memo_entries,3
1,20260726T135725.806593Z,earley,cfg1,lean,earley.cfg1.n001,memo_tags,1
1,20260726T135725.806593Z,earley,cfg1,lean,earley.cfg1.n001,representative_tree_nodes,6
1,20260726T135725.806593Z,earley,cfg1,lean,earley.cfg1.n001,successful_ends,1
1,20260726T135725.806593Z,earley,cfg2,lean,earley.cfg2.n003,cached_endpoints,6
1,20260726T135725.806593Z,earley,cfg2,lean,earley.cfg2.n003,memo_entries,4
1,20260726T135725.806593Z,earley,cfg2,lean,earley.cfg2.n003,memo_tags,1
1,20260726T135725.806593Z,earley,cfg2,lean,earley.cfg2.n003,representative_tree_nodes,32
1,20260726T135725.806593Z,earley,cfg2,lean,earley.cfg2.n003,successful_ends,3
1,20260726T135725.806593Z,earley,cfg2,lean,earley.cfg2.n005,cached_endpoints,15
1,20260726T135725.806593Z,earley,cfg2,lean,earley.cfg2.n005,memo_entries,6
1,20260726T135725.806593Z,earley,cfg2,lean,earley.cfg2.n005,memo_tags,1
1,20260726T135725.806593Z,earley,cfg2,lean,earley.cfg2.n005,representative_tree_nodes,100
1,20260726T135725.806593Z,earley,cfg2,lean,earley.cfg2.n005,successful_ends,5
1,20260726T135725.806593Z,earley,cfg2,lean,earley.cfg2.n007,cached_endpoints,28
1,20260726T135725.806593Z,earley,cfg2,lean,earley.cfg2.n007,memo_entries,8
1,20260726T135725.806593Z,earley,cfg2,lean,earley.cfg2.n007,memo_tags,1
1,20260726T135725.806593Z,earley,cfg2,lean,earley.cfg2.n007,representative_tree_nodes,224
1,20260726T135725.806593Z,earley,cfg2,lean,earley.cfg2.n007,successful_ends,7
1,20260726T135725.806593Z,earley,cfg1,lean,earley.cfg1.n003,cached_endpoints,17
1,20260726T135725.806593Z,earley,cfg1,lean,earley.cfg1.n003,memo_entries,13
1,20260726T135725.806593Z,earley,cfg1,lean,earley.cfg1.n003,memo_tags,1
1,20260726T135725.806593Z,earley,cfg1,lean,earley.cfg1.n003,representative_tree_nodes,76
1,20260726T135725.806593Z,earley,cfg1,lean,earley.cfg1.n003,successful_ends,3
1,20260726T135725.806593Z,earley,cfg2,lean,earley.cfg2.n009,cached_endpoints,45
1,20260726T135725.806593Z,earley,cfg2,lean,earley.cfg2.n009,memo_entries,10
1,20260726T135725.806593Z,earley,cfg2,lean,earley.cfg2.n009,memo_tags,1
1,20260726T135725.806593Z,earley,cfg2,lean,earley.cfg2.n009,representative_tree_nodes,420
1,20260726T135725.806593Z,earley,cfg2,lean,earley.cfg2.n009,successful_ends,9
1,20260726T135725.806593Z,earley,cfg2,lean,earley.cfg2.n011,cached_endpoints,66
1,20260726T135725.806593Z,earley,cfg2,lean,earley.cfg2.n011,memo_entries,12
1,20260726T135725.806593Z,earley,cfg2,lean,earley.cfg2.n011,memo_tags,1
1,20260726T135725.806593Z,earley,cfg2,lean,earley.cfg2.n011,representative_tree_nodes,704
1,20260726T135725.806593Z,earley,cfg2,lean,earley.cfg2.n011,successful_ends,11
1,20260726T135725.806593Z,earley,cfg2,lean,earley.cfg2.n013,cached_endpoints,91
1,20260726T135725.806593Z,earley,cfg2,lean,earley.cfg2.n013,memo_entries,14
1,20260726T135725.806593Z,earley,cfg2,lean,earley.cfg2.n013,memo_tags,1
1,20260726T135725.806593Z,earley,cfg2,lean,earley.cfg2.n013,representative_tree_nodes,1092
1,20260726T135725.806593Z,earley,cfg2,lean,earley.cfg2.n013,successful_ends,13
1,20260726T135725.806593Z,earley,cfg2,lean,earley.cfg2.n015,cached_endpoints,120
1,20260726T135725.806593Z,earley,cfg2,lean,earley.cfg2.n015,memo_entries,16
1,20260726T135725.806593Z,earley,cfg2,lean,earley.cfg2.n015,memo_tags,1
1,20260726T135725.806593Z,earley,cfg2,lean,earley.cfg2.n015,representative_tree_nodes,1600
1,20260726T135725.806593Z,earley,cfg2,lean,earley.cfg2.n015,successful_ends,15
1,20260726T135725.806593Z,earley,cfg1,lean,earley.cfg1.n005,cached_endpoints,63
1,20260726T135725.806593Z,earley,cfg1,lean,earley.cfg1.n005,memo_entries,31
1,20260726T135725.806593Z,earley,cfg1,lean,earley.cfg1.n005,memo_tags,1
1,20260726T135725.806593Z,earley,cfg1,lean,earley.cfg1.n005,representative_tree_nodes,376
1,20260726T135725.806593Z,earley,cfg1,lean,earley.cfg1.n005,successful_ends,5
1,20260726T135725.806593Z,earley,cfg3,lean,earley.cfg3.n001,cached_endpoints,1
1,20260726T135725.806593Z,earley,cfg3,lean,earley.cfg3.n001,memo_entries,2
1,20260726T135725.806593Z,earley,cfg3,lean,earley.cfg3.n001,memo_tags,1
1,20260726T135725.806593Z,earley,cfg3,lean,earley.cfg3.n001,representative_tree_nodes,4
1,20260726T135725.806593Z,earley,cfg3,lean,earley.cfg3.n001,successful_ends,1
1,20260726T135725.806593Z,earley,cfg3,lean,earley.cfg3.n003,cached_endpoints,4
1,20260726T135725.806593Z,earley,cfg3,lean,earley.cfg3.n003,memo_entries,4
1,20260726T135725.806593Z,earley,cfg3,lean,earley.cfg3.n003,memo_tags,1
1,20260726T135725.806593Z,earley,cfg3,lean,earley.cfg3.n003,representative_tree_nodes,18
1,20260726T135725.806593Z,earley,cfg3,lean,earley.cfg3.n003,successful_ends,2
1,20260726T135725.806593Z,earley,cfg3,lean,earley.cfg3.n005,cached_endpoints,9
1,20260726T135725.806593Z,earley,cfg3,lean,earley.cfg3.n005,memo_entries,6
1,20260726T135725.806593Z,earley,cfg3,lean,earley.cfg3.n005,memo_tags,1
1,20260726T135725.806593Z,earley,cfg3,lean,earley.cfg3.n005,representative_tree_nodes,48
1,20260726T135725.806593Z,earley,cfg3,lean,earley.cfg3.n005,successful_ends,3
1,20260726T135725.806593Z,earley,cfg2,lean,earley.cfg2.n017,cached_endpoints,153
1,20260726T135725.806593Z,earley,cfg2,lean,earley.cfg2.n017,memo_entries,18
1,20260726T135725.806593Z,earley,cfg2,lean,earley.cfg2.n017,memo_tags,1
1,20260726T135725.806593Z,earley,cfg2,lean,earley.cfg2.n017,representative_tree_nodes,2244
1,20260726T135725.806593Z,earley,cfg2,lean,earley.cfg2.n017,successful_ends,17
1,20260726T135725.806593Z,earley,cfg3,lean,earley.cfg3.n007,cached_endpoints,16
1,20260726T135725.806593Z,earley,cfg3,lean,earley.cfg3.n007,memo_entries,8
1,20260726T135725.806593Z,earley,cfg3,lean,earley.cfg3.n007,memo_tags,1
1,20260726T135725.806593Z,earley,cfg3,lean,earley.cfg3.n007,representative_tree_nodes,100
1,20260726T135725.806593Z,earley,cfg3,lean,earley.cfg3.n007,successful_ends,4
1,20260726T135725.806593Z,earley,cfg3,lean,earley.cfg3.n009,cached_endpoints,25
1,20260726T135725.806593Z,earley,cfg3,lean,earley.cfg3.n009,memo_entries,10
1,20260726T135725.806593Z,earley,cfg3,lean,earley.cfg3.n009,memo_tags,1
1,20260726T135725.806593Z,earley,cfg3,lean,earley.cfg3.n009,representative_tree_nodes,180
1,20260726T135725.806593Z,earley,cfg3,lean,earley.cfg3.n009,successful_ends,5
1,20260726T135725.806593Z,earley,cfg3,lean,earley.cfg3.n011,cached_endpoints,36
1,20260726T135725.806593Z,earley,cfg3,lean,earley.cfg3.n011,memo_entries,12
1,20260726T135725.806593Z,earley,cfg3,lean,earley.cfg3.n011,memo_tags,1
1,20260726T135725.806593Z,earley,cfg3,lean,earley.cfg3.n011,representative_tree_nodes,294
1,20260726T135725.806593Z,earley,cfg3,lean,earley.cfg3.n011,successful_ends,6
1,20260726T135725.806593Z,earley,cfg3,lean,earley.cfg3.n013,cached_endpoints,49
1,20260726T135725.806593Z,earley,cfg3,lean,earley.cfg3.n013,memo_entries,14
1,20260726T135725.806593Z,earley,cfg3,lean,earley.cfg3.n013,memo_tags,1
1,20260726T135725.806593Z,earley,cfg3,lean,earley.cfg3.n013,representative_tree_nodes,448
1,20260726T135725.806593Z,earley,cfg3,lean,earley.cfg3.n013,successful_ends,7
1,20260726T135725.806593Z,earley,cfg2,lean,earley.cfg2.n019,cached_endpoints,190
1,20260726T135725.806593Z,earley,cfg2,lean,earley.cfg2.n019,memo_entries,20
1,20260726T135725.806593Z,earley,cfg2,lean,earley.cfg2.n019,memo_tags,1
1,20260726T135725.806593Z,earley,cfg2,lean,earley.cfg2.n019,representative_tree_nodes,3040
1,20260726T135725.806593Z,earley,cfg2,lean,earley.cfg2.n019,successful_ends,19
1,20260726T135725.806593Z,earley,cfg3,lean,earley.cfg3.n015,cached_endpoints,64
1,20260726T135725.806593Z,earley,cfg3,lean,earley.cfg3.n015,memo_entries,16
1,20260726T135725.806593Z,earley,cfg3,lean,earley.cfg3.n015,memo_tags,1
1,20260726T135725.806593Z,earley,cfg3,lean,earley.cfg3.n015,representative_tree_nodes,648
1,20260726T135725.806593Z,earley,cfg3,lean,earley.cfg3.n015,successful_ends,8
1,20260726T135725.806593Z,earley,cfg3,lean,earley.cfg3.n017,cached_endpoints,81
1,20260726T135725.806593Z,earley,cfg3,lean,earley.cfg3.n017,memo_entries,18
1,20260726T135725.806593Z,earley,cfg3,lean,earley.cfg3.n017,memo_tags,1
1,20260726T135725.806593Z,earley,cfg3,lean,earley.cfg3.n017,representative_tree_nodes,900
1,20260726T135725.806593Z,earley,cfg3,lean,earley.cfg3.n017,successful_ends,9
1,20260726T135725.806593Z,earley,cfg2,lean,earley.cfg2.n021,cached_endpoints,231
1,20260726T135725.806593Z,earley,cfg2,lean,earley.cfg2.n021,memo_entries,22
1,20260726T135725.806593Z,earley,cfg2,lean,earley.cfg2.n021,memo_tags,1
1,20260726T135725.806593Z,earley,cfg2,lean,earley.cfg2.n021,representative_tree_nodes,4004
1,20260726T135725.806593Z,earley,cfg2,lean,earley.cfg2.n021,successful_ends,21
1,20260726T135725.806593Z,earley,cfg3,lean,earley.cfg3.n019,cached_endpoints,100
1,20260726T135725.806593Z,earley,cfg3,lean,earley.cfg3.n019,memo_entries,20
1,20260726T135725.806593Z,earley,cfg3,lean,earley.cfg3.n019,memo_tags,1
1,20260726T135725.806593Z,earley,cfg3,lean,earley.cfg3.n019,representative_tree_nodes,1210
1,20260726T135725.806593Z,earley,cfg3,lean,earley.cfg3.n019,successful_ends,10
1,20260726T135725.806593Z,earley,cfg3,lean,earley.cfg3.n021,cached_endpoints,121
1,20260726T135725.806593Z,earley,cfg3,lean,earley.cfg3.n021,memo_entries,22
1,20260726T135725.806593Z,earley,cfg3,lean,earley.cfg3.n021,memo_tags,1
1,20260726T135725.806593Z,earley,cfg3,lean,earley.cfg3.n021,representative_tree_nodes,1584
1,20260726T135725.806593Z,earley,cfg3,lean,earley.cfg3.n021,successful_ends,11
1,20260726T135725.806593Z,earley,cfg1,lean,earley.cfg1.n007,cached_endpoints,161
1,20260726T135725.806593Z,earley,cfg1,lean,earley.cfg1.n007,memo_entries,57
1,20260726T135725.806593Z,earley,cfg1,lean,earley.cfg1.n007,memo_tags,1
1,20260726T135725.806593Z,earley,cfg1,lean,earley.cfg1.n007,representative_tree_nodes,1236
1,20260726T135725.806593Z,earley,cfg1,lean,earley.cfg1.n007,successful_ends,7
1,20260726T135725.806593Z,earley,cfg2,lean,earley.cfg2.n023,cached_endpoints,276
1,20260726T135725.806593Z,earley,cfg2,lean,earley.cfg2.n023,memo_entries,24
1,20260726T135725.806593Z,earley,cfg2,lean,earley.cfg2.n023,memo_tags,1
1,20260726T135725.806593Z,earley,cfg2,lean,earley.cfg2.n023,representative_tree_nodes,5152
1,20260726T135725.806593Z,earley,cfg2,lean,earley.cfg2.n023,successful_ends,23
1,20260726T135725.806593Z,earley,cfg3,lean,earley.cfg3.n023,cached_endpoints,144
1,20260726T135725.806593Z,earley,cfg3,lean,earley.cfg3.n023,memo_entries,24
1,20260726T135725.806593Z,earley,cfg3,lean,earley.cfg3.n023,memo_tags,1
1,20260726T135725.806593Z,earley,cfg3,lean,earley.cfg3.n023,representative_tree_nodes,2028
1,20260726T135725.806593Z,earley,cfg3,lean,earley.cfg3.n023,successful_ends,12
1,20260726T135725.806593Z,earley,cfg2,lean,earley.cfg2.n025,cached_endpoints,325
1,20260726T135725.806593Z,earley,cfg2,lean,earley.cfg2.n025,memo_entries,26
1,20260726T135725.806593Z,earley,cfg2,lean,earley.cfg2.n025,memo_tags,1
1,20260726T135725.806593Z,earley,cfg2,lean,earley.cfg2.n025,representative_tree_nodes,6500
1,20260726T135725.806593Z,earley,cfg2,lean,earley.cfg2.n025,successful_ends,25
1,20260726T135725.806593Z,earley,cfg3,lean,earley.cfg3.n025,cached_endpoints,169
1,20260726T135725.806593Z,earley,cfg3,lean,earley.cfg3.n025,memo_entries,26
1,20260726T135725.806593Z,earley,cfg3,lean,earley.cfg3.n025,memo_tags,1
1,20260726T135725.806593Z,earley,cfg3,lean,earley.cfg3.n025,representative_tree_nodes,2548
1,20260726T135725.806593Z,earley,cfg3,lean,earley.cfg3.n025,successful_ends,13
1,20260726T135725.806593Z,earley,cfg3,lean,earley.cfg3.n027,cached_endpoints,196
1,20260726T135725.806593Z,earley,cfg3,lean,earley.cfg3.n027,memo_entries,28
1,20260726T135725.806593Z,earley,cfg3,lean,earley.cfg3.n027,memo_tags,1
1,20260726T135725.806593Z,earley,cfg3,lean,earley.cfg3.n027,representative_tree_nodes,3150
1,20260726T135725.806593Z,earley,cfg3,lean,earley.cfg3.n027,successful_ends,14
1,20260726T135725.806593Z,earley,cfg2,lean,earley.cfg2.n027,cached_endpoints,378
1,20260726T135725.806593Z,earley,cfg2,lean,earley.cfg2.n027,memo_entries,28
1,20260726T135725.806593Z,earley,cfg2,lean,earley.cfg2.n027,memo_tags,1
1,20260726T135725.806593Z,earley,cfg2,lean,earley.cfg2.n027,representative_tree_nodes,8064
1,20260726T135725.806593Z,earley,cfg2,lean,earley.cfg2.n027,successful_ends,27
1,20260726T135725.806593Z,earley,cfg3,lean,earley.cfg3.n029,cached_endpoints,225
1,20260726T135725.806593Z,earley,cfg3,lean,earley.cfg3.n029,memo_entries,30
1,20260726T135725.806593Z,earley,cfg3,lean,earley.cfg3.n029,memo_tags,1
1,20260726T135725.806593Z,earley,cfg3,lean,earley.cfg3.n029,representative_tree_nodes,3840
1,20260726T135725.806593Z,earley,cfg3,lean,earley.cfg3.n029,successful_ends,15
1,20260726T135725.806593Z,earley,cfg2,lean,earley.cfg2.n029,cached_endpoints,435
1,20260726T135725.806593Z,earley,cfg2,lean,earley.cfg2.n029,memo_entries,30
1,20260726T135725.806593Z,earley,cfg2,lean,earley.cfg2.n029,memo_tags,1
1,20260726T135725.806593Z,earley,cfg2,lean,earley.cfg2.n029,representative_tree_nodes,9860
1,20260726T135725.806593Z,earley,cfg2,lean,earley.cfg2.n029,successful_ends,29
1,20260726T135725.806593Z,earley,cfg3,lean,earley.cfg3.n031,cached_endpoints,256
1,20260726T135725.806593Z,earley,cfg3,lean,earley.cfg3.n031,memo_entries,32
1,20260726T135725.806593Z,earley,cfg3,lean,earley.cfg3.n031,memo_tags,1
1,20260726T135725.806593Z,earley,cfg3,lean,earley.cfg3.n031,representative_tree_nodes,4624
1,20260726T135725.806593Z,earley,cfg3,lean,earley.cfg3.n031,successful_ends,16
1,20260726T135725.806593Z,earley,cfg3,lean,earley.cfg3.n033,cached_endpoints,289
1,20260726T135725.806593Z,earley,cfg3,lean,earley.cfg3.n033,memo_entries,34
1,20260726T135725.806593Z,earley,cfg3,lean,earley.cfg3.n033,memo_tags,1
1,20260726T135725.806593Z,earley,cfg3,lean,earley.cfg3.n033,representative_tree_nodes,5508
1,20260726T135725.806593Z,earley,cfg3,lean,earley.cfg3.n033,successful_ends,17
1,20260726T135725.806593Z,earley,cfg2,lean,earley.cfg2.n031,cached_endpoints,496
1,20260726T135725.806593Z,earley,cfg2,lean,earley.cfg2.n031,memo_entries,32
1,20260726T135725.806593Z,earley,cfg2,lean,earley.cfg2.n031,memo_tags,1
1,20260726T135725.806593Z,earley,cfg2,lean,earley.cfg2.n031,representative_tree_nodes,11904
1,20260726T135725.806593Z,earley,cfg2,lean,earley.cfg2.n031,successful_ends,31
1,20260726T135725.806593Z,earley,cfg1,lean,earley.cfg1.n009,cached_endpoints,334
1,20260726T135725.806593Z,earley,cfg1,lean,earley.cfg1.n009,memo_entries,91
1,20260726T135725.806593Z,earley,cfg1,lean,earley.cfg1.n009,memo_tags,1
1,20260726T135725.806593Z,earley,cfg1,lean,earley.cfg1.n009,representative_tree_nodes,3182
1,20260726T135725.806593Z,earley,cfg1,lean,earley.cfg1.n009,successful_ends,9
1,20260726T135725.806593Z,earley,cfg3,lean,earley.cfg3.n035,cached_endpoints,324
1,20260726T135725.806593Z,earley,cfg3,lean,earley.cfg3.n035,memo_entries,36
1,20260726T135725.806593Z,earley,cfg3,lean,earley.cfg3.n035,memo_tags,1
1,20260726T135725.806593Z,earley,cfg3,lean,earley.cfg3.n035,representative_tree_nodes,6498
1,20260726T135725.806593Z,earley,cfg3,lean,earley.cfg3.n035,successful_ends,18
1,20260726T135725.806593Z,earley,cfg2,lean,earley.cfg2.n033,cached_endpoints,561
1,20260726T135725.806593Z,earley,cfg2,lean,earley.cfg2.n033,memo_entries,34
1,20260726T135725.806593Z,earley,cfg2,lean,earley.cfg2.n033,memo_tags,1
1,20260726T135725.806593Z,earley,cfg2,lean,earley.cfg2.n033,representative_tree_nodes,14212
1,20260726T135725.806593Z,earley,cfg2,lean,earley.cfg2.n033,successful_ends,33
1,20260726T135725.806593Z,earley,cfg3,lean,earley.cfg3.n037,cached_endpoints,361
1,20260726T135725.806593Z,earley,cfg3,lean,earley.cfg3.n037,memo_entries,38
1,20260726T135725.806593Z,earley,cfg3,lean,earley.cfg3.n037,memo_tags,1
1,20260726T135725.806593Z,earley,cfg3,lean,earley.cfg3.n037,representative_tree_nodes,7600
1,20260726T135725.806593Z,earley,cfg3,lean,earley.cfg3.n037,successful_ends,19
1,20260726T135725.806593Z,earley,cfg2,lean,earley.cfg2.n035,cached_endpoints,630
1,20260726T135725.806593Z,earley,cfg2,lean,earley.cfg2.n035,memo_entries,36
1,20260726T135725.806593Z,earley,cfg2,lean,earley.cfg2.n035,memo_tags,1
1,20260726T135725.806593Z,earley,cfg2,lean,earley.cfg2.n035,representative_tree_nodes,16800
1,20260726T135725.806593Z,earley,cfg2,lean,earley.cfg2.n035,successful_ends,35
1,20260726T135725.806593Z,earley,cfg3,lean,earley.cfg3.n039,cached_endpoints,400
1,20260726T135725.806593Z,earley,cfg3,lean,earley.cfg3.n039,memo_entries,40
1,20260726T135725.806593Z,earley,cfg3,lean,earley.cfg3.n039,memo_tags,1
1,20260726T135725.806593Z,earley,cfg3,lean,earley.cfg3.n039,representative_tree_nodes,8820
1,20260726T135725.806593Z,earley,cfg3,lean,earley.cfg3.n039,successful_ends,20
1,20260726T135725.806593Z,earley,cfg3,lean,earley.cfg3.n041,cached_endpoints,441
1,20260726T135725.806593Z,earley,cfg3,lean,earley.cfg3.n041,memo_entries,42
1,20260726T135725.806593Z,earley,cfg3,lean,earley.cfg3.n041,memo_tags,1
1,20260726T135725.806593Z,earley,cfg3,lean,earley.cfg3.n041,representative_tree_nodes,10164
1,20260726T135725.806593Z,earley,cfg3,lean,earley.cfg3.n041,successful_ends,21
1,20260726T135725.806593Z,earley,cfg2,lean,earley.cfg2.n037,cached_endpoints,703
1,20260726T135725.806593Z,earley,cfg2,lean,earley.cfg2.n037,memo_entries,38
1,20260726T135725.806593Z,earley,cfg2,lean,earley.cfg2.n037,memo_tags,1
1,20260726T135725.806593Z,earley,cfg2,lean,earley.cfg2.n037,representative_tree_nodes,19684
1,20260726T135725.806593Z,earley,cfg2,lean,earley.cfg2.n037,successful_ends,37
1,20260726T135725.806593Z,earley,cfg3,lean,earley.cfg3.n043,cached_endpoints,484
1,20260726T135725.806593Z,earley,cfg3,lean,earley.cfg3.n043,memo_entries,44
1,20260726T135725.806593Z,earley,cfg3,lean,earley.cfg3.n043,memo_tags,1
1,20260726T135725.806593Z,earley,cfg3,lean,earley.cfg3.n043,representative_tree_nodes,11638
1,20260726T135725.806593Z,earley,cfg3,lean,earley.cfg3.n043,successful_ends,22
1,20260726T135725.806593Z,earley,cfg2,lean,earley.cfg2.n039,cached_endpoints,780
1,20260726T135725.806593Z,earley,cfg2,lean,earley.cfg2.n039,memo_entries,40
1,20260726T135725.806593Z,earley,cfg2,lean,earley.cfg2.n039,memo_tags,1
1,20260726T135725.806593Z,earley,cfg2,lean,earley.cfg2.n039,representative_tree_nodes,22880
1,20260726T135725.806593Z,earley,cfg2,lean,earley.cfg2.n039,successful_ends,39
1,20260726T135725.806593Z,earley,cfg3,lean,earley.cfg3.n045,cached_endpoints,529
1,20260726T135725.806593Z,earley,cfg3,lean,earley.cfg3.n045,memo_entries,46
1,20260726T135725.806593Z,earley,cfg3,lean,earley.cfg3.n045,memo_tags,1
1,20260726T135725.806593Z,earley,cfg3,lean,earley.cfg3.n045,representative_tree_nodes,13248
1,20260726T135725.806593Z,earley,cfg3,lean,earley.cfg3.n045,successful_ends,23
1,20260726T135725.806593Z,earley,cfg1,lean,earley.cfg1.n011,cached_endpoints,603
1,20260726T135725.806593Z,earley,cfg1,lean,earley.cfg1.n011,memo_entries,133
1,20260726T135725.806593Z,earley,cfg1,lean,earley.cfg1.n011,memo_tags,1
1,20260726T135725.806593Z,earley,cfg1,lean,earley.cfg1.n011,representative_tree_nodes,6868
1,20260726T135725.806593Z,earley,cfg1,lean,earley.cfg1.n011,successful_ends,11
1,20260726T135725.806593Z,earley,cfg2,lean,earley.cfg2.n041,cached_endpoints,861
1,20260726T135725.806593Z,earley,cfg2,lean,earley.cfg2.n041,memo_entries,42
1,20260726T135725.806593Z,earley,cfg2,lean,earley.cfg2.n041,memo_tags,1
1,20260726T135725.806593Z,earley,cfg2,lean,earley.cfg2.n041,representative_tree_nodes,26404
1,20260726T135725.806593Z,earley,cfg2,lean,earley.cfg2.n041,successful_ends,41
1,20260726T135725.806593Z,earley,cfg3,lean,earley.cfg3.n047,cached_endpoints,576
1,20260726T135725.806593Z,earley,cfg3,lean,earley.cfg3.n047,memo_entries,48
1,20260726T135725.806593Z,earley,cfg3,lean,earley.cfg3.n047,memo_tags,1
1,20260726T135725.806593Z,earley,cfg3,lean,earley.cfg3.n047,representative_tree_nodes,15000
1,20260726T135725.806593Z,earley,cfg3,lean,earley.cfg3.n047,successful_ends,24
1,20260726T135725.806593Z,earley,cfg3,lean,earley.cfg3.n049,cached_endpoints,625
1,20260726T135725.806593Z,earley,cfg3,lean,earley.cfg3.n049,memo_entries,50
1,20260726T135725.806593Z,earley,cfg3,lean,earley.cfg3.n049,memo_tags,1
1,20260726T135725.806593Z,earley,cfg3,lean,earley.cfg3.n049,representative_tree_nodes,16900
1,20260726T135725.806593Z,earley,cfg3,lean,earley.cfg3.n049,successful_ends,25
1,20260726T135725.806593Z,earley,cfg2,lean,earley.cfg2.n043,cached_endpoints,946
1,20260726T135725.806593Z,earley,cfg2,lean,earley.cfg2.n043,memo_entries,44
1,20260726T135725.806593Z,earley,cfg2,lean,earley.cfg2.n043,memo_tags,1
1,20260726T135725.806593Z,earley,cfg2,lean,earley.cfg2.n043,representative_tree_nodes,30272
1,20260726T135725.806593Z,earley,cfg2,lean,earley.cfg2.n043,successful_ends,43
1,20260726T135725.806593Z,earley,cfg3,lean,earley.cfg3.n051,cached_endpoints,676
1,20260726T135725.806593Z,earley,cfg3,lean,earley.cfg3.n051,memo_entries,52
1,20260726T135725.806593Z,earley,cfg3,lean,earley.cfg3.n051,memo_tags,1
1,20260726T135725.806593Z,earley,cfg3,lean,earley.cfg3.n051,representative_tree_nodes,18954
1,20260726T135725.806593Z,earley,cfg3,lean,earley.cfg3.n051,successful_ends,26
1,20260726T135725.806593Z,earley,cfg2,lean,earley.cfg2.n045,cached_endpoints,1035
1,20260726T135725.806593Z,earley,cfg2,lean,earley.cfg2.n045,memo_entries,46
1,20260726T135725.806593Z,earley,cfg2,lean,earley.cfg2.n045,memo_tags,1
1,20260726T135725.806593Z,earley,cfg2,lean,earley.cfg2.n045,representative_tree_nodes,34500
1,20260726T135725.806593Z,earley,cfg2,lean,earley.cfg2.n045,successful_ends,45
1,20260726T135725.806593Z,earley,cfg3,lean,earley.cfg3.n053,cached_endpoints,729
1,20260726T135725.806593Z,earley,cfg3,lean,earley.cfg3.n053,memo_entries,54
1,20260726T135725.806593Z,earley,cfg3,lean,earley.cfg3.n053,memo_tags,1
1,20260726T135725.806593Z,earley,cfg3,lean,earley.cfg3.n053,representative_tree_nodes,21168
1,20260726T135725.806593Z,earley,cfg3,lean,earley.cfg3.n053,successful_ends,27
1,20260726T135725.806593Z,earley,cfg2,lean,earley.cfg2.n047,cached_endpoints,1128
1,20260726T135725.806593Z,earley,cfg2,lean,earley.cfg2.n047,memo_entries,48
1,20260726T135725.806593Z,earley,cfg2,lean,earley.cfg2.n047,memo_tags,1
1,20260726T135725.806593Z,earley,cfg2,lean,earley.cfg2.n047,representative_tree_nodes,39104
1,20260726T135725.806593Z,earley,cfg2,lean,earley.cfg2.n047,successful_ends,47
1,20260726T135725.806593Z,earley,cfg3,lean,earley.cfg3.n055,cached_endpoints,784
1,20260726T135725.806593Z,earley,cfg3,lean,earley.cfg3.n055,memo_entries,56
1,20260726T135725.806593Z,earley,cfg3,lean,earley.cfg3.n055,memo_tags,1
1,20260726T135725.806593Z,earley,cfg3,lean,earley.cfg3.n055,representative_tree_nodes,23548
1,20260726T135725.806593Z,earley,cfg3,lean,earley.cfg3.n055,successful_ends,28
1,20260726T135725.806593Z,earley,cfg2,lean,earley.cfg2.n049,cached_endpoints,1225
1,20260726T135725.806593Z,earley,cfg2,lean,earley.cfg2.n049,memo_entries,50
1,20260726T135725.806593Z,earley,cfg2,lean,earley.cfg2.n049,memo_tags,1
1,20260726T135725.806593Z,earley,cfg2,lean,earley.cfg2.n049,representative_tree_nodes,44100
1,20260726T135725.806593Z,earley,cfg2,lean,earley.cfg2.n049,successful_ends,49
1,20260726T135725.806593Z,earley,cfg3,lean,earley.cfg3.n057,cached_endpoints,841
1,20260726T135725.806593Z,earley,cfg3,lean,earley.cfg3.n057,memo_entries,58
1,20260726T135725.806593Z,earley,cfg3,lean,earley.cfg3.n057,memo_tags,1
1,20260726T135725.806593Z,earley,cfg3,lean,earley.cfg3.n057,representative_tree_nodes,26100
1,20260726T135725.806593Z,earley,cfg3,lean,earley.cfg3.n057,successful_ends,29
1,20260726T135725.806593Z,earley,cfg1,lean,earley.cfg1.n013,cached_endpoints,992
1,20260726T135725.806593Z,earley,cfg1,lean,earley.cfg1.n013,memo_entries,183
1,20260726T135725.806593Z,earley,cfg1,lean,earley.cfg1.n013,memo_tags,1
1,20260726T135725.806593Z,earley,cfg1,lean,earley.cfg1.n013,representative_tree_nodes,13206
1,20260726T135725.806593Z,earley,cfg1,lean,earley.cfg1.n013,successful_ends,13
1,20260726T135725.806593Z,earley,cfg2,lean,earley.cfg2.n051,cached_endpoints,1326
1,20260726T135725.806593Z,earley,cfg2,lean,earley.cfg2.n051,memo_entries,52
1,20260726T135725.806593Z,earley,cfg2,lean,earley.cfg2.n051,memo_tags,1
1,20260726T135725.806593Z,earley,cfg2,lean,earley.cfg2.n051,representative_tree_nodes,49504
1,20260726T135725.806593Z,earley,cfg2,lean,earley.cfg2.n051,successful_ends,51
1,20260726T135725.806593Z,earley,cfg3,lean,earley.cfg3.n059,cached_endpoints,900
1,20260726T135725.806593Z,earley,cfg3,lean,earley.cfg3.n059,memo_entries,60
1,20260726T135725.806593Z,earley,cfg3,lean,earley.cfg3.n059,memo_tags,1
1,20260726T135725.806593Z,earley,cfg3,lean,earley.cfg3.n059,representative_tree_nodes,28830
1,20260726T135725.806593Z,earley,cfg3,lean,earley.cfg3.n059,successful_ends,30
1,20260726T135725.806593Z,earley,cfg3,lean,earley.cfg3.n061,cached_endpoints,961
1,20260726T135725.806593Z,earley,cfg3,lean,earley.cfg3.n061,memo_entries,62
1,20260726T135725.806593Z,earley,cfg3,lean,earley.cfg3.n061,memo_tags,1
1,20260726T135725.806593Z,earley,cfg3,lean,earley.cfg3.n061,representative_tree_nodes,31744
1,20260726T135725.806593Z,earley,cfg3,lean,earley.cfg3.n061,successful_ends,31
1,20260726T135725.806593Z,earley,cfg2,lean,earley.cfg2.n053,cached_endpoints,1431
1,20260726T135725.806593Z,earley,cfg2,lean,earley.cfg2.n053,memo_entries,54
1,20260726T135725.806593Z,earley,cfg2,lean,earley.cfg2.n053,memo_tags,1
1,20260726T135725.806593Z,earley,cfg2,lean,earley.cfg2.n053,representative_tree_nodes,55332
1,20260726T135725.806593Z,earley,cfg2,lean,earley.cfg2.n053,successful_ends,53
1,20260726T135725.806593Z,earley,cfg3,lean,earley.cfg3.n063,cached_endpoints,1024
1,20260726T135725.806593Z,earley,cfg3,lean,earley.cfg3.n063,memo_entries,64
1,20260726T135725.806593Z,earley,cfg3,lean,earley.cfg3.n063,memo_tags,1
1,20260726T135725.806593Z,earley,cfg3,lean,earley.cfg3.n063,representative_tree_nodes,34848
1,20260726T135725.806593Z,earley,cfg3,lean,earley.cfg3.n063,successful_ends,32
1,20260726T135725.806593Z,earley,cfg2,lean,earley.cfg2.n055,cached_endpoints,1540
1,20260726T135725.806593Z,earley,cfg2,lean,earley.cfg2.n055,memo_entries,56
1,20260726T135725.806593Z,earley,cfg2,lean,earley.cfg2.n055,memo_tags,1
1,20260726T135725.806593Z,earley,cfg2,lean,earley.cfg2.n055,representative_tree_nodes,61600
1,20260726T135725.806593Z,earley,cfg2,lean,earley.cfg2.n055,successful_ends,55
1,20260726T135725.806593Z,earley,cfg3,lean,earley.cfg3.n065,cached_endpoints,1089
1,20260726T135725.806593Z,earley,cfg3,lean,earley.cfg3.n065,memo_entries,66
1,20260726T135725.806593Z,earley,cfg3,lean,earley.cfg3.n065,memo_tags,1
1,20260726T135725.806593Z,earley,cfg3,lean,earley.cfg3.n065,representative_tree_nodes,38148
1,20260726T135725.806593Z,earley,cfg3,lean,earley.cfg3.n065,successful_ends,33
1,20260726T135725.806593Z,earley,cfg2,lean,earley.cfg2.n057,cached_endpoints,1653
1,20260726T135725.806593Z,earley,cfg2,lean,earley.cfg2.n057,memo_entries,58
1,20260726T135725.806593Z,earley,cfg2,lean,earley.cfg2.n057,memo_tags,1
1,20260726T135725.806593Z,earley,cfg2,lean,earley.cfg2.n057,representative_tree_nodes,68324
1,20260726T135725.806593Z,earley,cfg2,lean,earley.cfg2.n057,successful_ends,57
1,20260726T135725.806593Z,earley,cfg2,lean,earley.cfg2.n059,cached_endpoints,1770
1,20260726T135725.806593Z,earley,cfg2,lean,earley.cfg2.n059,memo_entries,60
1,20260726T135725.806593Z,earley,cfg2,lean,earley.cfg2.n059,memo_tags,1
1,20260726T135725.806593Z,earley,cfg2,lean,earley.cfg2.n059,representative_tree_nodes,75520
1,20260726T135725.806593Z,earley,cfg2,lean,earley.cfg2.n059,successful_ends,59
1,20260726T135725.806593Z,earley,cfg4,lean,earley.cfg4.n001,cached_endpoints,2
1,20260726T135725.806593Z,earley,cfg4,lean,earley.cfg4.n001,memo_entries,2
1,20260726T135725.806593Z,earley,cfg4,lean,earley.cfg4.n001,memo_tags,1
1,20260726T135725.806593Z,earley,cfg4,lean,earley.cfg4.n001,representative_tree_nodes,6
1,20260726T135725.806593Z,earley,cfg4,lean,earley.cfg4.n001,successful_ends,1
1,20260726T135725.806593Z,earley,cfg4,lean,earley.cfg4.n003,cached_endpoints,9
1,20260726T135725.806593Z,earley,cfg4,lean,earley.cfg4.n003,memo_entries,4
1,20260726T135725.806593Z,earley,cfg4,lean,earley.cfg4.n003,memo_tags,1
1,20260726T135725.806593Z,earley,cfg4,lean,earley.cfg4.n003,representative_tree_nodes,44
1,20260726T135725.806593Z,earley,cfg4,lean,earley.cfg4.n003,successful_ends,3
1,20260726T135725.806593Z,earley,cfg4,lean,earley.cfg4.n005,cached_endpoints,20
1,20260726T135725.806593Z,earley,cfg4,lean,earley.cfg4.n005,memo_entries,6
1,20260726T135725.806593Z,earley,cfg4,lean,earley.cfg4.n005,memo_tags,1
1,20260726T135725.806593Z,earley,cfg4,lean,earley.cfg4.n005,representative_tree_nodes,130
1,20260726T135725.806593Z,earley,cfg4,lean,earley.cfg4.n005,successful_ends,5
1,20260726T135725.806593Z,earley,cfg4,lean,earley.cfg4.n007,cached_endpoints,35
1,20260726T135725.806593Z,earley,cfg4,lean,earley.cfg4.n007,memo_entries,8
1,20260726T135725.806593Z,earley,cfg4,lean,earley.cfg4.n007,memo_tags,1
1,20260726T135725.806593Z,earley,cfg4,lean,earley.cfg4.n007,representative_tree_nodes,280
1,20260726T135725.806593Z,earley,cfg4,lean,earley.cfg4.n007,successful_ends,7
1,20260726T135725.806593Z,earley,cfg4,lean,earley.cfg4.n009,cached_endpoints,54
1,20260726T135725.806593Z,earley,cfg4,lean,earley.cfg4.n009,memo_entries,10
1,20260726T135725.806593Z,earley,cfg4,lean,earley.cfg4.n009,memo_tags,1
1,20260726T135725.806593Z,earley,cfg4,lean,earley.cfg4.n009,representative_tree_nodes,510
1,20260726T135725.806593Z,earley,cfg4,lean,earley.cfg4.n009,successful_ends,9
1,20260726T135725.806593Z,earley,cfg4,lean,earley.cfg4.n011,cached_endpoints,77
1,20260726T135725.806593Z,earley,cfg4,lean,earley.cfg4.n011,memo_entries,12
1,20260726T135725.806593Z,earley,cfg4,lean,earley.cfg4.n011,memo_tags,1
1,20260726T135725.806593Z,earley,cfg4,lean,earley.cfg4.n011,representative_tree_nodes,836
1,20260726T135725.806593Z,earley,cfg4,lean,earley.cfg4.n011,successful_ends,11
1,20260726T135725.806593Z,earley,cfg4,lean,earley.cfg4.n013,cached_endpoints,104
1,20260726T135725.806593Z,earley,cfg4,lean,earley.cfg4.n013,memo_entries,14
1,20260726T135725.806593Z,earley,cfg4,lean,earley.cfg4.n013,memo_tags,1
1,20260726T135725.806593Z,earley,cfg4,lean,earley.cfg4.n013,representative_tree_nodes,1274
1,20260726T135725.806593Z,earley,cfg4,lean,earley.cfg4.n013,successful_ends,13
1,20260726T135725.806593Z,earley,cfg4,lean,earley.cfg4.n015,cached_endpoints,135
1,20260726T135725.806593Z,earley,cfg4,lean,earley.cfg4.n015,memo_entries,16
1,20260726T135725.806593Z,earley,cfg4,lean,earley.cfg4.n015,memo_tags,1
1,20260726T135725.806593Z,earley,cfg4,lean,earley.cfg4.n015,representative_tree_nodes,1840
1,20260726T135725.806593Z,earley,cfg4,lean,earley.cfg4.n015,successful_ends,15
1,20260726T135725.806593Z,earley,cfg4,lean,earley.cfg4.n017,cached_endpoints,170
1,20260726T135725.806593Z,earley,cfg4,lean,earley.cfg4.n017,memo_entries,18
1,20260726T135725.806593Z,earley,cfg4,lean,earley.cfg4.n017,memo_tags,1
1,20260726T135725.806593Z,earley,cfg4,lean,earley.cfg4.n017,representative_tree_nodes,2550
1,20260726T135725.806593Z,earley,cfg4,lean,earley.cfg4.n017,successful_ends,17
1,20260726T135725.806593Z,earley,cfg4,lean,earley.cfg4.n019,cached_endpoints,209
1,20260726T135725.806593Z,earley,cfg4,lean,earley.cfg4.n019,memo_entries,20
1,20260726T135725.806593Z,earley,cfg4,lean,earley.cfg4.n019,memo_tags,1
1,20260726T135725.806593Z,earley,cfg4,lean,earley.cfg4.n019,representative_tree_nodes,3420
1,20260726T135725.806593Z,earley,cfg4,lean,earley.cfg4.n019,successful_ends,19
1,20260726T135725.806593Z,earley,cfg2,lean,earley.cfg2.n061,cached_endpoints,1891
1,20260726T135725.806593Z,earley,cfg2,lean,earley.cfg2.n061,memo_entries,62
1,20260726T135725.806593Z,earley,cfg2,lean,earley.cfg2.n061,memo_tags,1
1,20260726T135725.806593Z,earley,cfg2,lean,earley.cfg2.n061,representative_tree_nodes,83204
1,20260726T135725.806593Z,earley,cfg2,lean,earley.cfg2.n061,successful_ends,61
1,20260726T135725.806593Z,earley,cfg4,lean,earley.cfg4.n021,cached_endpoints,252
1,20260726T135725.806593Z,earley,cfg4,lean,earley.cfg4.n021,memo_entries,22
1,20260726T135725.806593Z,earley,cfg4,lean,earley.cfg4.n021,memo_tags,1
1,20260726T135725.806593Z,earley,cfg4,lean,earley.cfg4.n021,representative_tree_nodes,4466
1,20260726T135725.806593Z,earley,cfg4,lean,earley.cfg4.n021,successful_ends,21
1,20260726T135725.806593Z,earley,cfg4,lean,earley.cfg4.n023,cached_endpoints,299
1,20260726T135725.806593Z,earley,cfg4,lean,earley.cfg4.n023,memo_entries,24
1,20260726T135725.806593Z,earley,cfg4,lean,earley.cfg4.n023,memo_tags,1
1,20260726T135725.806593Z,earley,cfg4,lean,earley.cfg4.n023,representative_tree_nodes,5704
1,20260726T135725.806593Z,earley,cfg4,lean,earley.cfg4.n023,successful_ends,23
1,20260726T135725.806593Z,earley,cfg4,lean,earley.cfg4.n025,cached_endpoints,350
1,20260726T135725.806593Z,earley,cfg4,lean,earley.cfg4.n025,memo_entries,26
1,20260726T135725.806593Z,earley,cfg4,lean,earley.cfg4.n025,memo_tags,1
1,20260726T135725.806593Z,earley,cfg4,lean,earley.cfg4.n025,representative_tree_nodes,7150
1,20260726T135725.806593Z,earley,cfg4,lean,earley.cfg4.n025,successful_ends,25
1,20260726T135725.806593Z,earley,cfg4,lean,earley.cfg4.n027,cached_endpoints,405
1,20260726T135725.806593Z,earley,cfg4,lean,earley.cfg4.n027,memo_entries,28
1,20260726T135725.806593Z,earley,cfg4,lean,earley.cfg4.n027,memo_tags,1
1,20260726T135725.806593Z,earley,cfg4,lean,earley.cfg4.n027,representative_tree_nodes,8820
1,20260726T135725.806593Z,earley,cfg4,lean,earley.cfg4.n027,successful_ends,27
1,20260726T135725.806593Z,earley,cfg1,lean,earley.cfg1.n015,cached_endpoints,1525
1,20260726T135725.806593Z,earley,cfg1,lean,earley.cfg1.n015,memo_entries,241
1,20260726T135725.806593Z,earley,cfg1,lean,earley.cfg1.n015,memo_tags,1
1,20260726T135725.806593Z,earley,cfg1,lean,earley.cfg1.n015,representative_tree_nodes,23300
1,20260726T135725.806593Z,earley,cfg1,lean,earley.cfg1.n015,successful_ends,15
1,20260726T135725.806593Z,earley,cfg4,lean,earley.cfg4.n029,cached_endpoints,464
1,20260726T135725.806593Z,earley,cfg4,lean,earley.cfg4.n029,memo_entries,30
1,20260726T135725.806593Z,earley,cfg4,lean,earley.cfg4.n029,memo_tags,1
1,20260726T135725.806593Z,earley,cfg4,lean,earley.cfg4.n029,representative_tree_nodes,10730
1,20260726T135725.806593Z,earley,cfg4,lean,earley.cfg4.n029,successful_ends,29
1,20260726T135725.806593Z,earley,cfg4,lean,earley.cfg4.n031,cached_endpoints,527
1,20260726T135725.806593Z,earley,cfg4,lean,earley.cfg4.n031,memo_entries,32
1,20260726T135725.806593Z,earley,cfg4,lean,earley.cfg4.n031,memo_tags,1
1,20260726T135725.806593Z,earley,cfg4,lean,earley.cfg4.n031,representative_tree_nodes,12896
1,20260726T135725.806593Z,earley,cfg4,lean,earley.cfg4.n031,successful_ends,31
1,20260726T135725.806593Z,earley,cfg4,lean,earley.cfg4.n033,cached_endpoints,594
1,20260726T135725.806593Z,earley,cfg4,lean,earley.cfg4.n033,memo_entries,34
1,20260726T135725.806593Z,earley,cfg4,lean,earley.cfg4.n033,memo_tags,1
1,20260726T135725.806593Z,earley,cfg4,lean,earley.cfg4.n033,representative_tree_nodes,15334
1,20260726T135725.806593Z,earley,cfg4,lean,earley.cfg4.n033,successful_ends,33
1,20260726T135725.806593Z,earley,cfg4,lean,earley.cfg4.n035,cached_endpoints,665
1,20260726T135725.806593Z,earley,cfg4,lean,earley.cfg4.n035,memo_entries,36
1,20260726T135725.806593Z,earley,cfg4,lean,earley.cfg4.n035,memo_tags,1
1,20260726T135725.806593Z,earley,cfg4,lean,earley.cfg4.n035,representative_tree_nodes,18060
1,20260726T135725.806593Z,earley,cfg4,lean,earley.cfg4.n035,successful_ends,35
1,20260726T135725.806593Z,earley,cfg2,lean,earley.cfg2.n063,cached_endpoints,2016
1,20260726T135725.806593Z,earley,cfg2,lean,earley.cfg2.n063,memo_entries,64
1,20260726T135725.806593Z,earley,cfg2,lean,earley.cfg2.n063,memo_tags,1
1,20260726T135725.806593Z,earley,cfg2,lean,earley.cfg2.n063,representative_tree_nodes,91392
1,20260726T135725.806593Z,earley,cfg2,lean,earley.cfg2.n063,successful_ends,63
1,20260726T135725.806593Z,earley,cfg4,lean,earley.cfg4.n037,cached_endpoints,740
1,20260726T135725.806593Z,earley,cfg4,lean,earley.cfg4.n037,memo_entries,38
1,20260726T135725.806593Z,earley,cfg4,lean,earley.cfg4.n037,memo_tags,1
1,20260726T135725.806593Z,earley,cfg4,lean,earley.cfg4.n037,representative_tree_nodes,21090
1,20260726T135725.806593Z,earley,cfg4,lean,earley.cfg4.n037,successful_ends,37
1,20260726T135725.806593Z,earley,cfg4,lean,earley.cfg4.n039,cached_endpoints,819
1,20260726T135725.806593Z,earley,cfg4,lean,earley.cfg4.n039,memo_entries,40
1,20260726T135725.806593Z,earley,cfg4,lean,earley.cfg4.n039,memo_tags,1
1,20260726T135725.806593Z,earley,cfg4,lean,earley.cfg4.n039,representative_tree_nodes,24440
1,20260726T135725.806593Z,earley,cfg4,lean,earley.cfg4.n039,successful_ends,39
1,20260726T135725.806593Z,earley,cfg4,lean,earley.cfg4.n041,cached_endpoints,902
1,20260726T135725.806593Z,earley,cfg4,lean,earley.cfg4.n041,memo_entries,42
1,20260726T135725.806593Z,earley,cfg4,lean,earley.cfg4.n041,memo_tags,1
1,20260726T135725.806593Z,earley,cfg4,lean,earley.cfg4.n041,representative_tree_nodes,28126
1,20260726T135725.806593Z,earley,cfg4,lean,earley.cfg4.n041,successful_ends,41
1,20260726T135725.806593Z,earley,cfg4,lean,earley.cfg4.n043,cached_endpoints,989
1,20260726T135725.806593Z,earley,cfg4,lean,earley.cfg4.n043,memo_entries,44
1,20260726T135725.806593Z,earley,cfg4,lean,earley.cfg4.n043,memo_tags,1
1,20260726T135725.806593Z,earley,cfg4,lean,earley.cfg4.n043,representative_tree_nodes,32164
1,20260726T135725.806593Z,earley,cfg4,lean,earley.cfg4.n043,successful_ends,43
1,20260726T135725.806593Z,earley,cfg2,lean,earley.cfg2.n065,cached_endpoints,2145
1,20260726T135725.806593Z,earley,cfg2,lean,earley.cfg2.n065,memo_entries,66
1,20260726T135725.806593Z,earley,cfg2,lean,earley.cfg2.n065,memo_tags,1
1,20260726T135725.806593Z,earley,cfg2,lean,earley.cfg2.n065,representative_tree_nodes,100100
1,20260726T135725.806593Z,earley,cfg2,lean,earley.cfg2.n065,successful_ends,65
1,20260726T135725.806593Z,earley,cfg4,lean,earley.cfg4.n045,cached_endpoints,1080
1,20260726T135725.806593Z,earley,cfg4,lean,earley.cfg4.n045,memo_entries,46
1,20260726T135725.806593Z,earley,cfg4,lean,earley.cfg4.n045,memo_tags,1
1,20260726T135725.806593Z,earley,cfg4,lean,earley.cfg4.n045,representative_tree_nodes,36570
1,20260726T135725.806593Z,earley,cfg4,lean,earley.cfg4.n045,successful_ends,45
1,20260726T135725.806593Z,earley,cfg4,lean,earley.cfg4.n047,cached_endpoints,1175
1,20260726T135725.806593Z,earley,cfg4,lean,earley.cfg4.n047,memo_entries,48
1,20260726T135725.806593Z,earley,cfg4,lean,earley.cfg4.n047,memo_tags,1
1,20260726T135725.806593Z,earley,cfg4,lean,earley.cfg4.n047,representative_tree_nodes,41360
1,20260726T135725.806593Z,earley,cfg4,lean,earley.cfg4.n047,successful_ends,47
1,20260726T135725.806593Z,earley,cfg4,lean,earley.cfg4.n049,cached_endpoints,1274
1,20260726T135725.806593Z,earley,cfg4,lean,earley.cfg4.n049,memo_entries,50
1,20260726T135725.806593Z,earley,cfg4,lean,earley.cfg4.n049,memo_tags,1
1,20260726T135725.806593Z,earley,cfg4,lean,earley.cfg4.n049,representative_tree_nodes,46550
1,20260726T135725.806593Z,earley,cfg4,lean,earley.cfg4.n049,successful_ends,49
1,20260726T135725.806593Z,earley,cfg4,lean,earley.cfg4.n051,cached_endpoints,1377
1,20260726T135725.806593Z,earley,cfg4,lean,earley.cfg4.n051,memo_entries,52
1,20260726T135725.806593Z,earley,cfg4,lean,earley.cfg4.n051,memo_tags,1
1,20260726T135725.806593Z,earley,cfg4,lean,earley.cfg4.n051,representative_tree_nodes,52156
1,20260726T135725.806593Z,earley,cfg4,lean,earley.cfg4.n051,successful_ends,51
1,20260726T135725.806593Z,earley,cfg4,lean,earley.cfg4.n053,cached_endpoints,1484
1,20260726T135725.806593Z,earley,cfg4,lean,earley.cfg4.n053,memo_entries,54
1,20260726T135725.806593Z,earley,cfg4,lean,earley.cfg4.n053,memo_tags,1
1,20260726T135725.806593Z,earley,cfg4,lean,earley.cfg4.n053,representative_tree_nodes,58194
1,20260726T135725.806593Z,earley,cfg4,lean,earley.cfg4.n053,successful_ends,53
1,20260726T135725.806593Z,earley,cfg4,lean,earley.cfg4.n055,cached_endpoints,1595
1,20260726T135725.806593Z,earley,cfg4,lean,earley.cfg4.n055,memo_entries,56
1,20260726T135725.806593Z,earley,cfg4,lean,earley.cfg4.n055,memo_tags,1
1,20260726T135725.806593Z,earley,cfg4,lean,earley.cfg4.n055,representative_tree_nodes,64680
1,20260726T135725.806593Z,earley,cfg4,lean,earley.cfg4.n055,successful_ends,55
1,20260726T135725.806593Z,earley,cfg4,lean,earley.cfg4.n057,cached_endpoints,1710
1,20260726T135725.806593Z,earley,cfg4,lean,earley.cfg4.n057,memo_entries,58
1,20260726T135725.806593Z,earley,cfg4,lean,earley.cfg4.n057,memo_tags,1
1,20260726T135725.806593Z,earley,cfg4,lean,earley.cfg4.n057,representative_tree_nodes,71630
1,20260726T135725.806593Z,earley,cfg4,lean,earley.cfg4.n057,successful_ends,57
1,20260726T135725.806593Z,earley,cfg4,lean,earley.cfg4.n059,cached_endpoints,1829
1,20260726T135725.806593Z,earley,cfg4,lean,earley.cfg4.n059,memo_entries,60
1,20260726T135725.806593Z,earley,cfg4,lean,earley.cfg4.n059,memo_tags,1
1,20260726T135725.806593Z,earley,cfg4,lean,earley.cfg4.n059,representative_tree_nodes,79060
1,20260726T135725.806593Z,earley,cfg4,lean,earley.cfg4.n059,successful_ends,59
1,20260726T135725.806593Z,earley,cfg4,lean,earley.cfg4.n061,cached_endpoints,1952
1,20260726T135725.806593Z,earley,cfg4,lean,earley.cfg4.n061,memo_entries,62
1,20260726T135725.806593Z,earley,cfg4,lean,earley.cfg4.n061,memo_tags,1
1,20260726T135725.806593Z,earley,cfg4,lean,earley.cfg4.n061,representative_tree_nodes,86986
1,20260726T135725.806593Z,earley,cfg4,lean,earley.cfg4.n061,successful_ends,61
1,20260726T135725.806593Z,earley,cfg4,lean,earley.cfg4.n063,cached_endpoints,2079
1,20260726T135725.806593Z,earley,cfg4,lean,earley.cfg4.n063,memo_entries,64
1,20260726T135725.806593Z,earley,cfg4,lean,earley.cfg4.n063,memo_tags,1
1,20260726T135725.806593Z,earley,cfg4,lean,earley.cfg4.n063,representative_tree_nodes,95424
1,20260726T135725.806593Z,earley,cfg4,lean,earley.cfg4.n063,successful_ends,63
1,20260726T135725.806593Z,earley,cfg1,lean,earley.cfg1.n017,cached_endpoints,2225
1,20260726T135725.806593Z,earley,cfg1,lean,earley.cfg1.n017,memo_entries,307
1,20260726T135725.806593Z,earley,cfg1,lean,earley.cfg1.n017,memo_tags,1
1,20260726T135725.806593Z,earley,cfg1,lean,earley.cfg1.n017,representative_tree_nodes,38396
1,20260726T135725.806593Z,earley,cfg1,lean,earley.cfg1.n017,successful_ends,17
1,20260726T135725.806593Z,earley,cfg4,lean,earley.cfg4.n065,cached_endpoints,2210
1,20260726T135725.806593Z,earley,cfg4,lean,earley.cfg4.n065,memo_entries,66
1,20260726T135725.806593Z,earley,cfg4,lean,earley.cfg4.n065,memo_tags,1
1,20260726T135725.806593Z,earley,cfg4,lean,earley.cfg4.n065,representative_tree_nodes,104390
1,20260726T135725.806593Z,earley,cfg4,lean,earley.cfg4.n065,successful_ends,65
1,20260726T135725.806593Z,earley,cfg5,lean,earley.cfg5.n001,cached_endpoints,2
1,20260726T135725.806593Z,earley,cfg5,lean,earley.cfg5.n001,memo_entries,5
1,20260726T135725.806593Z,earley,cfg5,lean,earley.cfg5.n001,memo_tags,4
1,20260726T135725.806593Z,earley,cfg5,lean,earley.cfg5.n001,representative_tree_nodes,6
1,20260726T135725.806593Z,earley,cfg5,lean,earley.cfg5.n001,successful_ends,1
1,20260726T135725.806593Z,earley,cfg5,lean,earley.cfg5.n003,cached_endpoints,24
1,20260726T135725.806593Z,earley,cfg5,lean,earley.cfg5.n003,memo_entries,22
1,20260726T135725.806593Z,earley,cfg5,lean,earley.cfg5.n003,memo_tags,4
1,20260726T135725.806593Z,earley,cfg5,lean,earley.cfg5.n003,representative_tree_nodes,99
1,20260726T135725.806593Z,earley,cfg5,lean,earley.cfg5.n003,successful_ends,3
1,20260726T135725.806593Z,earley,cfg5,lean,earley.cfg5.n005,cached_endpoints,62
1,20260726T135725.806593Z,earley,cfg5,lean,earley.cfg5.n005,memo_entries,51
1,20260726T135725.806593Z,earley,cfg5,lean,earley.cfg5.n005,memo_tags,4
1,20260726T135725.806593Z,earley,cfg5,lean,earley.cfg5.n005,representative_tree_nodes,308
1,20260726T135725.806593Z,earley,cfg5,lean,earley.cfg5.n005,successful_ends,5
1,20260726T135725.806593Z,earley,cfg5,lean,earley.cfg5.n007,cached_endpoints,116
1,20260726T135725.806593Z,earley,cfg5,lean,earley.cfg5.n007,memo_entries,92
1,20260726T135725.806593Z,earley,cfg5,lean,earley.cfg5.n007,memo_tags,4
1,20260726T135725.806593Z,earley,cfg5,lean,earley.cfg5.n007,representative_tree_nodes,665
1,20260726T135725.806593Z,earley,cfg5,lean,earley.cfg5.n007,successful_ends,7
1,20260726T135725.806593Z,earley,cfg5,lean,earley.cfg5.n009,cached_endpoints,186
1,20260726T135725.806593Z,earley,cfg5,lean,earley.cfg5.n009,memo_entries,145
1,20260726T135725.806593Z,earley,cfg5,lean,earley.cfg5.n009,memo_tags,4
1,20260726T135725.806593Z,earley,cfg5,lean,earley.cfg5.n009,representative_tree_nodes,1202
1,20260726T135725.806593Z,earley,cfg5,lean,earley.cfg5.n009,successful_ends,9
1,20260726T135725.806593Z,earley,cfg5,lean,earley.cfg5.n011,cached_endpoints,272
1,20260726T135725.806593Z,earley,cfg5,lean,earley.cfg5.n011,memo_entries,210
1,20260726T135725.806593Z,earley,cfg5,lean,earley.cfg5.n011,memo_tags,4
1,20260726T135725.806593Z,earley,cfg5,lean,earley.cfg5.n011,representative_tree_nodes,1951
1,20260726T135725.806593Z,earley,cfg5,lean,earley.cfg5.n011,successful_ends,11
1,20260726T135725.806593Z,earley,cfg2,earley,earley.cfg2.n001,chart_items,6
1,20260726T135725.806593Z,earley,cfg2,earley,earley.cfg2.n001,pointers,6
1,20260726T135725.806593Z,earley,cfg2,earley,earley.cfg2.n003,chart_items,17
1,20260726T135725.806593Z,earley,cfg2,earley,earley.cfg2.n003,pointers,17
1,20260726T135725.806593Z,earley,cfg2,earley,earley.cfg2.n005,chart_items,32
1,20260726T135725.806593Z,earley,cfg2,earley,earley.cfg2.n005,pointers,32
1,20260726T135725.806593Z,earley,cfg2,earley,earley.cfg2.n007,chart_items,51
1,20260726T135725.806593Z,earley,cfg2,earley,earley.cfg2.n007,pointers,51
1,20260726T135725.806593Z,earley,cfg2,earley,earley.cfg2.n009,chart_items,74
1,20260726T135725.806593Z,earley,cfg2,earley,earley.cfg2.n009,pointers,74
1,20260726T135725.806593Z,earley,cfg2,earley,earley.cfg2.n011,chart_items,101
1,20260726T135725.806593Z,earley,cfg2,earley,earley.cfg2.n011,pointers,101
1,20260726T135725.806593Z,earley,cfg2,earley,earley.cfg2.n013,chart_items,132
1,20260726T135725.806593Z,earley,cfg2,earley,earley.cfg2.n013,pointers,132
1,20260726T135725.806593Z,earley,cfg2,earley,earley.cfg2.n015,chart_items,167
1,20260726T135725.806593Z,earley,cfg2,earley,earley.cfg2.n015,pointers,167
1,20260726T135725.806593Z,earley,cfg2,earley,earley.cfg2.n017,chart_items,206
1,20260726T135725.806593Z,earley,cfg2,earley,earley.cfg2.n017,pointers,206
1,20260726T135725.806593Z,earley,cfg2,earley,earley.cfg2.n019,chart_items,249
1,20260726T135725.806593Z,earley,cfg2,earley,earley.cfg2.n019,pointers,249
1,20260726T135725.806593Z,earley,cfg2,earley,earley.cfg2.n021,chart_items,296
1,20260726T135725.806593Z,earley,cfg2,earley,earley.cfg2.n021,pointers,296
1,20260726T135725.806593Z,earley,cfg2,earley,earley.cfg2.n023,chart_items,347
1,20260726T135725.806593Z,earley,cfg2,earley,earley.cfg2.n023,pointers,347
1,20260726T135725.806593Z,earley,cfg2,earley,earley.cfg2.n025,chart_items,402
1,20260726T135725.806593Z,earley,cfg2,earley,earley.cfg2.n025,pointers,402
1,20260726T135725.806593Z,earley,cfg2,earley,earley.cfg2.n027,chart_items,461
1,20260726T135725.806593Z,earley,cfg2,earley,earley.cfg2.n027,pointers,461
1,20260726T135725.806593Z,earley,cfg2,earley,earley.cfg2.n029,chart_items,524
1,20260726T135725.806593Z,earley,cfg2,earley,earley.cfg2.n029,pointers,524
1,20260726T135725.806593Z,earley,cfg2,earley,earley.cfg2.n031,chart_items,591
1,20260726T135725.806593Z,earley,cfg2,earley,earley.cfg2.n031,pointers,591
1,20260726T135725.806593Z,earley,cfg1,earley,earley.cfg1.n001,chart_items,6
1,20260726T135725.806593Z,earley,cfg1,earley,earley.cfg1.n001,pointers,6
1,20260726T135725.806593Z,earley,cfg2,earley,earley.cfg2.n033,chart_items,662
1,20260726T135725.806593Z,earley,cfg2,earley,earley.cfg2.n033,pointers,662
1,20260726T135725.806593Z,earley,cfg1,earley,earley.cfg1.n003,chart_items,20
1,20260726T135725.806593Z,earley,cfg1,earley,earley.cfg1.n003,pointers,21
1,20260726T135725.806593Z,earley,cfg1,earley,earley.cfg1.n005,chart_items,42
1,20260726T135725.806593Z,earley,cfg1,earley,earley.cfg1.n005,pointers,52
1,20260726T135725.806593Z,earley,cfg1,earley,earley.cfg1.n007,chart_items,72
1,20260726T135725.806593Z,earley,cfg1,earley,earley.cfg1.n007,pointers,107
1,20260726T135725.806593Z,earley,cfg1,earley,earley.cfg1.n009,chart_items,110
1,20260726T135725.806593Z,earley,cfg1,earley,earley.cfg1.n009,pointers,194
1,20260726T135725.806593Z,earley,cfg1,earley,earley.cfg1.n011,chart_items,156
1,20260726T135725.806593Z,earley,cfg1,earley,earley.cfg1.n011,pointers,321
1,20260726T135725.806593Z,earley,cfg2,earley,earley.cfg2.n035,chart_items,737
1,20260726T135725.806593Z,earley,cfg2,earley,earley.cfg2.n035,pointers,737
1,20260726T135725.806593Z,earley,cfg1,earley,earley.cfg1.n013,chart_items,210
1,20260726T135725.806593Z,earley,cfg1,earley,earley.cfg1.n013,pointers,496
1,20260726T135725.806593Z,earley,cfg1,earley,earley.cfg1.n015,chart_items,272
1,20260726T135725.806593Z,earley,cfg1,earley,earley.cfg1.n015,pointers,727
1,20260726T135725.806593Z,earley,cfg2,earley,earley.cfg2.n037,chart_items,816
1,20260726T135725.806593Z,earley,cfg2,earley,earley.cfg2.n037,pointers,816
1,20260726T135725.806593Z,earley,cfg1,earley,earley.cfg1.n017,chart_items,342
1,20260726T135725.806593Z,earley,cfg1,earley,earley.cfg1.n017,pointers,1022
1,20260726T135725.806593Z,earley,cfg2,earley,earley.cfg2.n039,chart_items,899
1,20260726T135725.806593Z,earley,cfg2,earley,earley.cfg2.n039,pointers,899
1,20260726T135725.806593Z,earley,cfg1,earley,earley.cfg1.n019,chart_items,420
1,20260726T135725.806593Z,earley,cfg1,earley,earley.cfg1.n019,pointers,1389
1,20260726T135725.806593Z,earley,cfg2,earley,earley.cfg2.n041,chart_items,986
1,20260726T135725.806593Z,earley,cfg2,earley,earley.cfg2.n041,pointers,986
1,20260726T135725.806593Z,earley,cfg1,earley,earley.cfg1.n021,chart_items,506
1,20260726T135725.806593Z,earley,cfg1,earley,earley.cfg1.n021,pointers,1836
1,20260726T135725.806593Z,earley,cfg2,earley,earley.cfg2.n043,chart_items,1077
1,20260726T135725.806593Z,earley,cfg2,earley,earley.cfg2.n043,pointers,1077
1,20260726T135725.806593Z,earley,cfg2,earley,earley.cfg2.n045,chart_items,1172
1,20260726T135725.806593Z,earley,cfg2,earley,earley.cfg2.n045,pointers,1172
1,20260726T135725.806593Z,earley,cfg1,earley,earley.cfg1.n023,chart_items,600
1,20260726T135725.806593Z,earley,cfg1,earley,earley.cfg1.n023,pointers,2371
1,20260726T135725.806593Z,earley,cfg2,earley,earley.cfg2.n047,chart_items,1271
1,20260726T135725.806593Z,earley,cfg2,earley,earley.cfg2.n047,pointers,1271
1,20260726T135725.806593Z,earley,cfg1,earley,earley.cfg1.n025,chart_items,702
1,20260726T135725.806593Z,earley,cfg1,earley,earley.cfg1.n025,pointers,3002
1,20260726T135725.806593Z,earley,cfg5,lean,earley.cfg5.n013,cached_endpoints,374
1,20260726T135725.806593Z,earley,cfg5,lean,earley.cfg5.n013,memo_entries,287
1,20260726T135725.806593Z,earley,cfg5,lean,earley.cfg5.n013,memo_tags,4
1,20260726T135725.806593Z,earley,cfg5,lean,earley.cfg5.n013,representative_tree_nodes,2944
1,20260726T135725.806593Z,earley,cfg5,lean,earley.cfg5.n013,successful_ends,13
1,20260726T135725.806593Z,earley,cfg2,earley,earley.cfg2.n049,chart_items,1374
1,20260726T135725.806593Z,earley,cfg2,earley,earley.cfg2.n049,pointers,1374
1,20260726T135725.806593Z,earley,cfg1,earley,earley.cfg1.n027,chart_items,812
1,20260726T135725.806593Z,earley,cfg1,earley,earley.cfg1.n027,pointers,3737
1,20260726T135725.806593Z,earley,cfg2,earley,earley.cfg2.n051,chart_items,1481
1,20260726T135725.806593Z,earley,cfg2,earley,earley.cfg2.n051,pointers,1481
1,20260726T135725.806593Z,earley,cfg2,earley,earley.cfg2.n053,chart_items,1592
1,20260726T135725.806593Z,earley,cfg2,earley,earley.cfg2.n053,pointers,1592
1,20260726T135725.806593Z,earley,cfg1,earley,earley.cfg1.n029,chart_items,930
1,20260726T135725.806593Z,earley,cfg1,earley,earley.cfg1.n029,pointers,4584
1,20260726T135725.806593Z,earley,cfg2,earley,earley.cfg2.n055,chart_items,1707
1,20260726T135725.806593Z,earley,cfg2,earley,earley.cfg2.n055,pointers,1707
1,20260726T135725.806593Z,earley,cfg2,earley,earley.cfg2.n057,chart_items,1826
1,20260726T135725.806593Z,earley,cfg2,earley,earley.cfg2.n057,pointers,1826
1,20260726T135725.806593Z,earley,cfg1,earley,earley.cfg1.n031,chart_items,1056
1,20260726T135725.806593Z,earley,cfg1,earley,earley.cfg1.n031,pointers,5551
1,20260726T135725.806593Z,earley,cfg2,earley,earley.cfg2.n059,chart_items,1949
1,20260726T135725.806593Z,earley,cfg2,earley,earley.cfg2.n059,pointers,1949
1,20260726T135725.806593Z,earley,cfg2,earley,earley.cfg2.n061,chart_items,2076
1,20260726T135725.806593Z,earley,cfg2,earley,earley.cfg2.n061,pointers,2076
1,20260726T135725.806593Z,earley,cfg1,earley,earley.cfg1.n033,chart_items,1190
1,20260726T135725.806593Z,earley,cfg1,earley,earley.cfg1.n033,pointers,6646
1,20260726T135725.806593Z,earley,cfg2,earley,earley.cfg2.n063,chart_items,2207
1,20260726T135725.806593Z,earley,cfg2,earley,earley.cfg2.n063,pointers,2207
1,20260726T135725.806593Z,earley,cfg3,earley,earley.cfg3.n001,chart_items,6
1,20260726T135725.806593Z,earley,cfg3,earley,earley.cfg3.n001,pointers,6
1,20260726T135725.806593Z,earley,cfg3,earley,earley.cfg3.n003,chart_items,17
1,20260726T135725.806593Z,earley,cfg3,earley,earley.cfg3.n003,pointers,17
1,20260726T135725.806593Z,earley,cfg3,earley,earley.cfg3.n005,chart_items,32
1,20260726T135725.806593Z,earley,cfg3,earley,earley.cfg3.n005,pointers,32
1,20260726T135725.806593Z,earley,cfg3,earley,earley.cfg3.n007,chart_items,51
1,20260726T135725.806593Z,earley,cfg3,earley,earley.cfg3.n007,pointers,51
1,20260726T135725.806593Z,earley,cfg3,earley,earley.cfg3.n009,chart_items,74
1,20260726T135725.806593Z,earley,cfg3,earley,earley.cfg3.n009,pointers,74
1,20260726T135725.806593Z,earley,cfg3,earley,earley.cfg3.n011,chart_items,101
1,20260726T135725.806593Z,earley,cfg3,earley,earley.cfg3.n011,pointers,101
1,20260726T135725.806593Z,earley,cfg3,earley,earley.cfg3.n013,chart_items,132
1,20260726T135725.806593Z,earley,cfg3,earley,earley.cfg3.n013,pointers,132
1,20260726T135725.806593Z,earley,cfg2,earley,earley.cfg2.n065,chart_items,2342
1,20260726T135725.806593Z,earley,cfg2,earley,earley.cfg2.n065,pointers,2342
1,20260726T135725.806593Z,earley,cfg3,earley,earley.cfg3.n015,chart_items,167
1,20260726T135725.806593Z,earley,cfg3,earley,earley.cfg3.n015,pointers,167
1,20260726T135725.806593Z,earley,cfg3,earley,earley.cfg3.n017,chart_items,206
1,20260726T135725.806593Z,earley,cfg3,earley,earley.cfg3.n017,pointers,206
1,20260726T135725.806593Z,earley,cfg3,earley,earley.cfg3.n019,chart_items,249
1,20260726T135725.806593Z,earley,cfg3,earley,earley.cfg3.n019,pointers,249
1,20260726T135725.806593Z,earley,cfg1,earley,earley.cfg1.n035,chart_items,1332
1,20260726T135725.806593Z,earley,cfg1,earley,earley.cfg1.n035,pointers,7877
1,20260726T135725.806593Z,earley,cfg3,earley,earley.cfg3.n021,chart_items,296
1,20260726T135725.806593Z,earley,cfg3,earley,earley.cfg3.n021,pointers,296
1,20260726T135725.806593Z,earley,cfg3,earley,earley.cfg3.n023,chart_items,347
1,20260726T135725.806593Z,earley,cfg3,earley,earley.cfg3.n023,pointers,347
1,20260726T135725.806593Z,earley,cfg3,earley,earley.cfg3.n025,chart_items,402
1,20260726T135725.806593Z,earley,cfg3,earley,earley.cfg3.n025,pointers,402
1,20260726T135725.806593Z,earley,cfg3,earley,earley.cfg3.n027,chart_items,461
1,20260726T135725.806593Z,earley,cfg3,earley,earley.cfg3.n027,pointers,461
1,20260726T135725.806593Z,earley,cfg3,earley,earley.cfg3.n029,chart_items,524
1,20260726T135725.806593Z,earley,cfg3,earley,earley.cfg3.n029,pointers,524
1,20260726T135725.806593Z,earley,cfg3,earley,earley.cfg3.n031,chart_items,591
1,20260726T135725.806593Z,earley,cfg3,earley,earley.cfg3.n031,pointers,591
1,20260726T135725.806593Z,earley,cfg3,earley,earley.cfg3.n033,chart_items,662
1,20260726T135725.806593Z,earley,cfg3,earley,earley.cfg3.n033,pointers,662
1,20260726T135725.806593Z,earley,cfg3,earley,earley.cfg3.n035,chart_items,737
1,20260726T135725.806593Z,earley,cfg3,earley,earley.cfg3.n035,pointers,737
1,20260726T135725.806593Z,earley,cfg1,earley,earley.cfg1.n037,chart_items,1482
1,20260726T135725.806593Z,earley,cfg1,earley,earley.cfg1.n037,pointers,9252
1,20260726T135725.806593Z,earley,cfg3,earley,earley.cfg3.n037,chart_items,816
1,20260726T135725.806593Z,earley,cfg3,earley,earley.cfg3.n037,pointers,816
1,20260726T135725.806593Z,earley,cfg3,earley,earley.cfg3.n039,chart_items,899
1,20260726T135725.806593Z,earley,cfg3,earley,earley.cfg3.n039,pointers,899
1,20260726T135725.806593Z,earley,cfg3,earley,earley.cfg3.n041,chart_items,986
1,20260726T135725.806593Z,earley,cfg3,earley,earley.cfg3.n041,pointers,986
1,20260726T135725.806593Z,earley,cfg3,earley,earley.cfg3.n043,chart_items,1077
1,20260726T135725.806593Z,earley,cfg3,earley,earley.cfg3.n043,pointers,1077
1,20260726T135725.806593Z,earley,cfg3,earley,earley.cfg3.n045,chart_items,1172
1,20260726T135725.806593Z,earley,cfg3,earley,earley.cfg3.n045,pointers,1172
1,20260726T135725.806593Z,earley,cfg3,earley,earley.cfg3.n047,chart_items,1271
1,20260726T135725.806593Z,earley,cfg3,earley,earley.cfg3.n047,pointers,1271
1,20260726T135725.806593Z,earley,cfg1,earley,earley.cfg1.n039,chart_items,1640
1,20260726T135725.806593Z,earley,cfg1,earley,earley.cfg1.n039,pointers,10779
1,20260726T135725.806593Z,earley,cfg3,earley,earley.cfg3.n049,chart_items,1374
1,20260726T135725.806593Z,earley,cfg3,earley,earley.cfg3.n049,pointers,1374
1,20260726T135725.806593Z,earley,cfg3,earley,earley.cfg3.n051,chart_items,1481
1,20260726T135725.806593Z,earley,cfg3,earley,earley.cfg3.n051,pointers,1481
1,20260726T135725.806593Z,earley,cfg3,earley,earley.cfg3.n053,chart_items,1592
1,20260726T135725.806593Z,earley,cfg3,earley,earley.cfg3.n053,pointers,1592
1,20260726T135725.806593Z,earley,cfg3,earley,earley.cfg3.n055,chart_items,1707
1,20260726T135725.806593Z,earley,cfg3,earley,earley.cfg3.n055,pointers,1707
1,20260726T135725.806593Z,earley,cfg1,earley,earley.cfg1.n041,chart_items,1806
1,20260726T135725.806593Z,earley,cfg1,earley,earley.cfg1.n041,pointers,12466
1,20260726T135725.806593Z,earley,cfg3,earley,earley.cfg3.n057,chart_items,1826
1,20260726T135725.806593Z,earley,cfg3,earley,earley.cfg3.n057,pointers,1826
1,20260726T135725.806593Z,earley,cfg3,earley,earley.cfg3.n059,chart_items,1949
1,20260726T135725.806593Z,earley,cfg3,earley,earley.cfg3.n059,pointers,1949
1,20260726T135725.806593Z,earley,cfg3,earley,earley.cfg3.n061,chart_items,2076
1,20260726T135725.806593Z,earley,cfg3,earley,earley.cfg3.n061,pointers,2076
1,20260726T135725.806593Z,earley,cfg3,earley,earley.cfg3.n063,chart_items,2207
1,20260726T135725.806593Z,earley,cfg3,earley,earley.cfg3.n063,pointers,2207
1,20260726T135725.806593Z,earley,cfg1,earley,earley.cfg1.n043,chart_items,1980
1,20260726T135725.806593Z,earley,cfg1,earley,earley.cfg1.n043,pointers,14321
1,20260726T135725.806593Z,earley,cfg3,earley,earley.cfg3.n065,chart_items,2342
1,20260726T135725.806593Z,earley,cfg3,earley,earley.cfg3.n065,pointers,2342
1,20260726T135725.806593Z,earley,cfg1,earley,earley.cfg1.n045,chart_items,2162
1,20260726T135725.806593Z,earley,cfg1,earley,earley.cfg1.n045,pointers,16352
1,20260726T135725.806593Z,earley,cfg1,earley,earley.cfg1.n047,chart_items,2352
1,20260726T135725.806593Z,earley,cfg1,earley,earley.cfg1.n047,pointers,18567
1,20260726T135725.806593Z,earley,cfg1,earley,earley.cfg1.n049,chart_items,2550
1,20260726T135725.806593Z,earley,cfg1,earley,earley.cfg1.n049,pointers,20974
1,20260726T135725.806593Z,earley,cfg1,earley,earley.cfg1.n051,chart_items,2756
1,20260726T135725.806593Z,earley,cfg1,earley,earley.cfg1.n051,pointers,23581
1,20260726T135725.806593Z,earley,cfg1,earley,earley.cfg1.n053,chart_items,2970
1,20260726T135725.806593Z,earley,cfg1,earley,earley.cfg1.n053,pointers,26396
1,20260726T135725.806593Z,earley,cfg1,earley,earley.cfg1.n055,chart_items,3192
1,20260726T135725.806593Z,earley,cfg1,earley,earley.cfg1.n055,pointers,29427
1,20260726T135725.806593Z,classical,R1,lean,classical.R1.small,cached_endpoints,5
1,20260726T135725.806593Z,classical,R1,lean,classical.R1.small,memo_entries,5
1,20260726T135725.806593Z,classical,R1,lean,classical.R1.small,memo_tags,1
1,20260726T135725.806593Z,classical,R1,lean,classical.R1.small,representative_tree_nodes,40
1,20260726T135725.806593Z,classical,R1,lean,classical.R1.small,successful_ends,1
1,20260726T135725.806593Z,classical,R1,lean,classical.R1.medium,cached_endpoints,33
1,20260726T135725.806593Z,classical,R1,lean,classical.R1.medium,memo_entries,33
1,20260726T135725.806593Z,classical,R1,lean,classical.R1.medium,memo_tags,1
1,20260726T135725.806593Z,classical,R1,lean,classical.R1.medium,representative_tree_nodes,1188
1,20260726T135725.806593Z,classical,R1,lean,classical.R1.medium,successful_ends,1
1,20260726T135725.806593Z,earley,cfg1,earley,earley.cfg1.n057,chart_items,3422
1,20260726T135725.806593Z,earley,cfg1,earley,earley.cfg1.n057,pointers,32682
1,20260726T135725.806593Z,earley,cfg1,earley,earley.cfg1.n059,chart_items,3660
1,20260726T135725.806593Z,earley,cfg1,earley,earley.cfg1.n059,pointers,36169
1,20260726T135725.806593Z,earley,cfg1,earley,earley.cfg1.n061,chart_items,3906
1,20260726T135725.806593Z,earley,cfg1,earley,earley.cfg1.n061,pointers,39896
1,20260726T135725.806593Z,earley,cfg1,earley,earley.cfg1.n063,chart_items,4160
1,20260726T135725.806593Z,earley,cfg1,earley,earley.cfg1.n063,pointers,43871
1,20260726T135725.806593Z,earley,cfg1,earley,earley.cfg1.n065,chart_items,4422
1,20260726T135725.806593Z,earley,cfg1,earley,earley.cfg1.n065,pointers,48102
1,20260726T135725.806593Z,classical,R1,lean,classical.R1.large,cached_endpoints,257
1,20260726T135725.806593Z,classical,R1,lean,classical.R1.large,memo_entries,257
1,20260726T135725.806593Z,classical,R1,lean,classical.R1.large,memo_tags,1
1,20260726T135725.806593Z,classical,R1,lean,classical.R1.large,representative_tree_nodes,66820
1,20260726T135725.806593Z,classical,R1,lean,classical.R1.large,successful_ends,1
1,20260726T135725.806593Z,earley,cfg5,lean,earley.cfg5.n015,cached_endpoints,492
1,20260726T135725.806593Z,earley,cfg5,lean,earley.cfg5.n015,memo_entries,376
1,20260726T135725.806593Z,earley,cfg5,lean,earley.cfg5.n015,memo_tags,4
1,20260726T135725.806593Z,earley,cfg5,lean,earley.cfg5.n015,representative_tree_nodes,4213
1,20260726T135725.806593Z,earley,cfg5,lean,earley.cfg5.n015,successful_ends,15
1,20260726T135725.806593Z,earley,cfg1,lean,earley.cfg1.n019,cached_endpoints,3113
1,20260726T135725.806593Z,earley,cfg1,lean,earley.cfg1.n019,memo_entries,381
1,20260726T135725.806593Z,earley,cfg1,lean,earley.cfg1.n019,memo_tags,1
1,20260726T135725.806593Z,earley,cfg1,lean,earley.cfg1.n019,representative_tree_nodes,59820
1,20260726T135725.806593Z,earley,cfg1,lean,earley.cfg1.n019,successful_ends,19
1,20260726T135725.806593Z,classical,R2,lean,classical.R2.small,cached_endpoints,7
1,20260726T135725.806593Z,classical,R2,lean,classical.R2.small,memo_entries,7
1,20260726T135725.806593Z,classical,R2,lean,classical.R2.small,memo_tags,2
1,20260726T135725.806593Z,classical,R2,lean,classical.R2.small,representative_tree_nodes,70
1,20260726T135725.806593Z,classical,R2,lean,classical.R2.small,successful_ends,1
1,20260726T135725.806593Z,classical,R2,lean,classical.R2.medium,cached_endpoints,65
1,20260726T135725.806593Z,classical,R2,lean,classical.R2.medium,memo_entries,65
1,20260726T135725.806593Z,classical,R2,lean,classical.R2.medium,memo_tags,2
1,20260726T135725.806593Z,classical,R2,lean,classical.R2.medium,representative_tree_nodes,4420
1,20260726T135725.806593Z,classical,R2,lean,classical.R2.medium,successful_ends,1
1,20260726T135725.806593Z,earley,cfg4,earley,earley.cfg4.n001,chart_items,4
1,20260726T135725.806593Z,earley,cfg4,earley,earley.cfg4.n001,pointers,4
1,20260726T135725.806593Z,earley,cfg4,earley,earley.cfg4.n003,chart_items,8
1,20260726T135725.806593Z,earley,cfg4,earley,earley.cfg4.n003,pointers,8
1,20260726T135725.806593Z,earley,cfg4,earley,earley.cfg4.n005,chart_items,12
1,20260726T135725.806593Z,earley,cfg4,earley,earley.cfg4.n005,pointers,12
1,20260726T135725.806593Z,earley,cfg4,earley,earley.cfg4.n007,chart_items,16
1,20260726T135725.806593Z,earley,cfg4,earley,earley.cfg4.n007,pointers,16
1,20260726T135725.806593Z,earley,cfg4,earley,earley.cfg4.n009,chart_items,20
1,20260726T135725.806593Z,earley,cfg4,earley,earley.cfg4.n009,pointers,20
1,20260726T135725.806593Z,earley,cfg4,earley,earley.cfg4.n011,chart_items,24
1,20260726T135725.806593Z,earley,cfg4,earley,earley.cfg4.n011,pointers,24
1,20260726T135725.806593Z,earley,cfg4,earley,earley.cfg4.n013,chart_items,28
1,20260726T135725.806593Z,earley,cfg4,earley,earley.cfg4.n013,pointers,28
1,20260726T135725.806593Z,earley,cfg4,earley,earley.cfg4.n015,chart_items,32
1,20260726T135725.806593Z,earley,cfg4,earley,earley.cfg4.n015,pointers,32
1,20260726T135725.806593Z,earley,cfg4,earley,earley.cfg4.n017,chart_items,36
1,20260726T135725.806593Z,earley,cfg4,earley,earley.cfg4.n017,pointers,36
1,20260726T135725.806593Z,earley,cfg4,earley,earley.cfg4.n019,chart_items,40
1,20260726T135725.806593Z,earley,cfg4,earley,earley.cfg4.n019,pointers,40
1,20260726T135725.806593Z,earley,cfg4,earley,earley.cfg4.n021,chart_items,44
1,20260726T135725.806593Z,earley,cfg4,earley,earley.cfg4.n021,pointers,44
1,20260726T135725.806593Z,earley,cfg4,earley,earley.cfg4.n023,chart_items,48
1,20260726T135725.806593Z,earley,cfg4,earley,earley.cfg4.n023,pointers,48
1,20260726T135725.806593Z,earley,cfg4,earley,earley.cfg4.n025,chart_items,52
1,20260726T135725.806593Z,earley,cfg4,earley,earley.cfg4.n025,pointers,52
1,20260726T135725.806593Z,earley,cfg4,earley,earley.cfg4.n027,chart_items,56
1,20260726T135725.806593Z,earley,cfg4,earley,earley.cfg4.n027,pointers,56
1,20260726T135725.806593Z,earley,cfg4,earley,earley.cfg4.n029,chart_items,60
1,20260726T135725.806593Z,earley,cfg4,earley,earley.cfg4.n029,pointers,60
1,20260726T135725.806593Z,earley,cfg4,earley,earley.cfg4.n031,chart_items,64
1,20260726T135725.806593Z,earley,cfg4,earley,earley.cfg4.n031,pointers,64
1,20260726T135725.806593Z,earley,cfg4,earley,earley.cfg4.n033,chart_items,68
1,20260726T135725.806593Z,earley,cfg4,earley,earley.cfg4.n033,pointers,68
1,20260726T135725.806593Z,earley,cfg4,earley,earley.cfg4.n035,chart_items,72
1,20260726T135725.806593Z,earley,cfg4,earley,earley.cfg4.n035,pointers,72
1,20260726T135725.806593Z,earley,cfg4,earley,earley.cfg4.n037,chart_items,76
1,20260726T135725.806593Z,earley,cfg4,earley,earley.cfg4.n037,pointers,76
1,20260726T135725.806593Z,earley,cfg4,earley,earley.cfg4.n039,chart_items,80
1,20260726T135725.806593Z,earley,cfg4,earley,earley.cfg4.n039,pointers,80
1,20260726T135725.806593Z,earley,cfg4,earley,earley.cfg4.n041,chart_items,84
1,20260726T135725.806593Z,earley,cfg4,earley,earley.cfg4.n041,pointers,84
1,20260726T135725.806593Z,earley,cfg4,earley,earley.cfg4.n043,chart_items,88
1,20260726T135725.806593Z,earley,cfg4,earley,earley.cfg4.n043,pointers,88
1,20260726T135725.806593Z,earley,cfg4,earley,earley.cfg4.n045,chart_items,92
1,20260726T135725.806593Z,earley,cfg4,earley,earley.cfg4.n045,pointers,92
1,20260726T135725.806593Z,earley,cfg4,earley,earley.cfg4.n047,chart_items,96
1,20260726T135725.806593Z,earley,cfg4,earley,earley.cfg4.n047,pointers,96
1,20260726T135725.806593Z,earley,cfg4,earley,earley.cfg4.n049,chart_items,100
1,20260726T135725.806593Z,earley,cfg4,earley,earley.cfg4.n049,pointers,100
1,20260726T135725.806593Z,earley,cfg4,earley,earley.cfg4.n051,chart_items,104
1,20260726T135725.806593Z,earley,cfg4,earley,earley.cfg4.n051,pointers,104
1,20260726T135725.806593Z,earley,cfg4,earley,earley.cfg4.n053,chart_items,108
1,20260726T135725.806593Z,earley,cfg4,earley,earley.cfg4.n053,pointers,108
1,20260726T135725.806593Z,earley,cfg4,earley,earley.cfg4.n055,chart_items,112
1,20260726T135725.806593Z,earley,cfg4,earley,earley.cfg4.n055,pointers,112
1,20260726T135725.806593Z,earley,cfg4,earley,earley.cfg4.n057,chart_items,116
1,20260726T135725.806593Z,earley,cfg4,earley,earley.cfg4.n057,pointers,116
1,20260726T135725.806593Z,earley,cfg4,earley,earley.cfg4.n059,chart_items,120
1,20260726T135725.806593Z,earley,cfg4,earley,earley.cfg4.n059,pointers,120
1,20260726T135725.806593Z,earley,cfg4,earley,earley.cfg4.n061,chart_items,124
1,20260726T135725.806593Z,earley,cfg4,earley,earley.cfg4.n061,pointers,124
1,20260726T135725.806593Z,earley,cfg4,earley,earley.cfg4.n063,chart_items,128
1,20260726T135725.806593Z,earley,cfg4,earley,earley.cfg4.n063,pointers,128
1,20260726T135725.806593Z,earley,cfg4,earley,earley.cfg4.n065,chart_items,132
1,20260726T135725.806593Z,earley,cfg4,earley,earley.cfg4.n065,pointers,132
1,20260726T135725.806593Z,earley,cfg5,lean,earley.cfg5.n017,cached_endpoints,626
1,20260726T135725.806593Z,earley,cfg5,lean,earley.cfg5.n017,memo_entries,477
1,20260726T135725.806593Z,earley,cfg5,lean,earley.cfg5.n017,memo_tags,4
1,20260726T135725.806593Z,earley,cfg5,lean,earley.cfg5.n017,representative_tree_nodes,5790
1,20260726T135725.806593Z,earley,cfg5,lean,earley.cfg5.n017,successful_ends,17
1,20260726T135725.806593Z,classical,R2,lean,classical.R2.large,cached_endpoints,513
1,20260726T135725.806593Z,classical,R2,lean,classical.R2.large,memo_entries,513
1,20260726T135725.806593Z,classical,R2,lean,classical.R2.large,memo_tags,2
1,20260726T135725.806593Z,classical,R2,lean,classical.R2.large,representative_tree_nodes,264708
1,20260726T135725.806593Z,classical,R2,lean,classical.R2.large,successful_ends,1
1,20260726T135725.806593Z,classical,P1,lean,classical.P1.small,cached_endpoints,8
1,20260726T135725.806593Z,classical,P1,lean,classical.P1.small,memo_entries,9
1,20260726T135725.806593Z,classical,P1,lean,classical.P1.small,memo_tags,2
1,20260726T135725.806593Z,classical,P1,lean,classical.P1.small,representative_tree_nodes,88
1,20260726T135725.806593Z,classical,P1,lean,classical.P1.small,successful_ends,1
1,20260726T135725.806593Z,classical,P1,lean,classical.P1.medium,cached_endpoints,64
1,20260726T135725.806593Z,classical,P1,lean,classical.P1.medium,memo_entries,65
1,20260726T135725.806593Z,classical,P1,lean,classical.P1.medium,memo_tags,2
1,20260726T135725.806593Z,classical,P1,lean,classical.P1.medium,representative_tree_nodes,4288
1,20260726T135725.806593Z,classical,P1,lean,classical.P1.medium,successful_ends,1
1,20260726T135725.806593Z,earley,cfg5,earley,earley.cfg5.n001,chart_items,8
1,20260726T135725.806593Z,earley,cfg5,earley,earley.cfg5.n001,pointers,8
1,20260726T135725.806593Z,earley,cfg5,earley,earley.cfg5.n003,chart_items,28
1,20260726T135725.806593Z,earley,cfg5,earley,earley.cfg5.n003,pointers,30
1,20260726T135725.806593Z,earley,cfg5,earley,earley.cfg5.n005,chart_items,48
1,20260726T135725.806593Z,earley,cfg5,earley,earley.cfg5.n005,pointers,52
1,20260726T135725.806593Z,earley,cfg5,earley,earley.cfg5.n007,chart_items,68
1,20260726T135725.806593Z,earley,cfg5,earley,earley.cfg5.n007,pointers,74
1,20260726T135725.806593Z,earley,cfg5,earley,earley.cfg5.n009,chart_items,88
1,20260726T135725.806593Z,earley,cfg5,earley,earley.cfg5.n009,pointers,96
1,20260726T135725.806593Z,earley,cfg5,earley,earley.cfg5.n011,chart_items,108
1,20260726T135725.806593Z,earley,cfg5,earley,earley.cfg5.n011,pointers,118
1,20260726T135725.806593Z,earley,cfg5,earley,earley.cfg5.n013,chart_items,128
1,20260726T135725.806593Z,earley,cfg5,earley,earley.cfg5.n013,pointers,140
1,20260726T135725.806593Z,earley,cfg5,earley,earley.cfg5.n015,chart_items,148
1,20260726T135725.806593Z,earley,cfg5,earley,earley.cfg5.n015,pointers,162
1,20260726T135725.806593Z,earley,cfg5,earley,earley.cfg5.n017,chart_items,168
1,20260726T135725.806593Z,earley,cfg5,earley,earley.cfg5.n017,pointers,184
1,20260726T135725.806593Z,earley,cfg5,earley,earley.cfg5.n019,chart_items,188
1,20260726T135725.806593Z,earley,cfg5,earley,earley.cfg5.n019,pointers,206
1,20260726T135725.806593Z,earley,cfg5,earley,earley.cfg5.n021,chart_items,208
1,20260726T135725.806593Z,earley,cfg5,earley,earley.cfg5.n021,pointers,228
1,20260726T135725.806593Z,earley,cfg5,earley,earley.cfg5.n023,chart_items,228
1,20260726T135725.806593Z,earley,cfg5,earley,earley.cfg5.n023,pointers,250
1,20260726T135725.806593Z,earley,cfg5,earley,earley.cfg5.n025,chart_items,248
1,20260726T135725.806593Z,earley,cfg5,earley,earley.cfg5.n025,pointers,272
1,20260726T135725.806593Z,earley,cfg5,earley,earley.cfg5.n027,chart_items,268
1,20260726T135725.806593Z,earley,cfg5,earley,earley.cfg5.n027,pointers,294
1,20260726T135725.806593Z,earley,cfg5,earley,earley.cfg5.n029,chart_items,288
1,20260726T135725.806593Z,earley,cfg5,earley,earley.cfg5.n029,pointers,316
1,20260726T135725.806593Z,earley,cfg5,earley,earley.cfg5.n031,chart_items,308
1,20260726T135725.806593Z,earley,cfg5,earley,earley.cfg5.n031,pointers,338
1,20260726T135725.806593Z,earley,cfg5,earley,earley.cfg5.n033,chart_items,328
1,20260726T135725.806593Z,earley,cfg5,earley,earley.cfg5.n033,pointers,360
1,20260726T135725.806593Z,earley,cfg5,earley,earley.cfg5.n035,chart_items,348
1,20260726T135725.806593Z,earley,cfg5,earley,earley.cfg5.n035,pointers,382
1,20260726T135725.806593Z,earley,cfg5,earley,earley.cfg5.n037,chart_items,368
1,20260726T135725.806593Z,earley,cfg5,earley,earley.cfg5.n037,pointers,404
1,20260726T135725.806593Z,earley,cfg5,earley,earley.cfg5.n039,chart_items,388
1,20260726T135725.806593Z,earley,cfg5,earley,earley.cfg5.n039,pointers,426
1,20260726T135725.806593Z,earley,cfg5,earley,earley.cfg5.n041,chart_items,408
1,20260726T135725.806593Z,earley,cfg5,earley,earley.cfg5.n041,pointers,448
1,20260726T135725.806593Z,earley,cfg5,earley,earley.cfg5.n043,chart_items,428
1,20260726T135725.806593Z,earley,cfg5,earley,earley.cfg5.n043,pointers,470
1,20260726T135725.806593Z,earley,cfg5,earley,earley.cfg5.n045,chart_items,448
1,20260726T135725.806593Z,earley,cfg5,earley,earley.cfg5.n045,pointers,492
1,20260726T135725.806593Z,earley,cfg5,earley,earley.cfg5.n047,chart_items,468
1,20260726T135725.806593Z,earley,cfg5,earley,earley.cfg5.n047,pointers,514
1,20260726T135725.806593Z,earley,cfg5,earley,earley.cfg5.n049,chart_items,488
1,20260726T135725.806593Z,earley,cfg5,earley,earley.cfg5.n049,pointers,536
1,20260726T135725.806593Z,earley,cfg5,earley,earley.cfg5.n051,chart_items,508
1,20260726T135725.806593Z,earley,cfg5,earley,earley.cfg5.n051,pointers,558
1,20260726T135725.806593Z,earley,cfg5,earley,earley.cfg5.n053,chart_items,528
1,20260726T135725.806593Z,earley,cfg5,earley,earley.cfg5.n053,pointers,580
1,20260726T135725.806593Z,earley,cfg5,earley,earley.cfg5.n055,chart_items,548
1,20260726T135725.806593Z,earley,cfg5,earley,earley.cfg5.n055,pointers,602
1,20260726T135725.806593Z,earley,cfg5,earley,earley.cfg5.n057,chart_items,568
1,20260726T135725.806593Z,earley,cfg5,earley,earley.cfg5.n057,pointers,624
1,20260726T135725.806593Z,earley,cfg5,earley,earley.cfg5.n059,chart_items,588
1,20260726T135725.806593Z,earley,cfg5,earley,earley.cfg5.n059,pointers,646
1,20260726T135725.806593Z,earley,cfg5,earley,earley.cfg5.n061,chart_items,608
1,20260726T135725.806593Z,earley,cfg5,earley,earley.cfg5.n061,pointers,668
1,20260726T135725.806593Z,earley,cfg5,earley,earley.cfg5.n063,chart_items,628
1,20260726T135725.806593Z,earley,cfg5,earley,earley.cfg5.n063,pointers,690
1,20260726T135725.806593Z,earley,cfg5,earley,earley.cfg5.n065,chart_items,648
1,20260726T135725.806593Z,earley,cfg5,earley,earley.cfg5.n065,pointers,712
1,20260726T135725.806593Z,classical,R1,earley,classical.R1.small,chart_items,19
1,20260726T135725.806593Z,classical,R1,earley,classical.R1.small,pointers,19
1,20260726T135725.806593Z,classical,R1,earley,classical.R1.medium,chart_items,131
1,20260726T135725.806593Z,classical,R1,earley,classical.R1.medium,pointers,131
1,20260726T135725.806593Z,classical,P1,lean,classical.P1.large,cached_endpoints,512
1,20260726T135725.806593Z,classical,P1,lean,classical.P1.large,memo_entries,513
1,20260726T135725.806593Z,classical,P1,lean,classical.P1.large,memo_tags,2
1,20260726T135725.806593Z,classical,P1,lean,classical.P1.large,representative_tree_nodes,263680
1,20260726T135725.806593Z,classical,P1,lean,classical.P1.large,successful_ends,1
1,20260726T135725.806593Z,classical,R1,earley,classical.R1.large,chart_items,1027
1,20260726T135725.806593Z,classical,R1,earley,classical.R1.large,pointers,1027
1,20260726T135725.806593Z,classical,P2,lean,classical.P2.small,cached_endpoints,5
1,20260726T135725.806593Z,classical,P2,lean,classical.P2.small,memo_entries,5
1,20260726T135725.806593Z,classical,P2,lean,classical.P2.small,memo_tags,2
1,20260726T135725.806593Z,classical,P2,lean,classical.P2.small,representative_tree_nodes,52
1,20260726T135725.806593Z,classical,P2,lean,classical.P2.small,successful_ends,1
1,20260726T135725.806593Z,classical,P2,lean,classical.P2.medium,cached_endpoints,33
1,20260726T135725.806593Z,classical,P2,lean,classical.P2.medium,memo_entries,33
1,20260726T135725.806593Z,classical,P2,lean,classical.P2.medium,memo_tags,2
1,20260726T135725.806593Z,classical,P2,lean,classical.P2.medium,representative_tree_nodes,1746
1,20260726T135725.806593Z,classical,P2,lean,classical.P2.medium,successful_ends,1
1,20260726T135725.806593Z,earley,cfg5,lean,earley.cfg5.n019,cached_endpoints,776
1,20260726T135725.806593Z,earley,cfg5,lean,earley.cfg5.n019,memo_entries,590
1,20260726T135725.806593Z,earley,cfg5,lean,earley.cfg5.n019,memo_tags,4
1,20260726T135725.806593Z,earley,cfg5,lean,earley.cfg5.n019,representative_tree_nodes,7707
1,20260726T135725.806593Z,earley,cfg5,lean,earley.cfg5.n019,successful_ends,19
1,20260726T135725.806593Z,earley,cfg1,lean,earley.cfg1.n021,cached_endpoints,4213
1,20260726T135725.806593Z,earley,cfg1,lean,earley.cfg1.n021,memo_entries,463
1,20260726T135725.806593Z,earley,cfg1,lean,earley.cfg1.n021,memo_tags,1
1,20260726T135725.806593Z,earley,cfg1,lean,earley.cfg1.n021,representative_tree_nodes,89228
1,20260726T135725.806593Z,earley,cfg1,lean,earley.cfg1.n021,successful_ends,21
1,20260726T135725.806593Z,classical,P2,lean,classical.P2.large,cached_endpoints,257
1,20260726T135725.806593Z,classical,P2,lean,classical.P2.large,memo_entries,257
1,20260726T135725.806593Z,classical,P2,lean,classical.P2.large,memo_tags,2
1,20260726T135725.806593Z,classical,P2,lean,classical.P2.large,representative_tree_nodes,99970
1,20260726T135725.806593Z,classical,P2,lean,classical.P2.large,successful_ends,1
1,20260726T135725.806593Z,classical,C1,lean,classical.C1.small,cached_endpoints,12
1,20260726T135725.806593Z,classical,C1,lean,classical.C1.small,memo_entries,8
1,20260726T135725.806593Z,classical,C1,lean,classical.C1.small,memo_tags,1
1,20260726T135725.806593Z,classical,C1,lean,classical.C1.small,representative_tree_nodes,66
1,20260726T135725.806593Z,classical,C1,lean,classical.C1.small,successful_ends,3
1,20260726T135725.806593Z,classical,C1,lean,classical.C1.medium,cached_endpoints,544
1,20260726T135725.806593Z,classical,C1,lean,classical.C1.medium,memo_entries,64
1,20260726T135725.806593Z,classical,C1,lean,classical.C1.medium,memo_tags,1
1,20260726T135725.806593Z,classical,C1,lean,classical.C1.medium,representative_tree_nodes,10503
1,20260726T135725.806593Z,classical,C1,lean,classical.C1.medium,successful_ends,17
1,20260726T135725.806593Z,classical,R2,earley,classical.R2.small,chart_items,24
1,20260726T135725.806593Z,classical,R2,earley,classical.R2.small,pointers,24
1,20260726T135725.806593Z,classical,R2,earley,classical.R2.medium,chart_items,227
1,20260726T135725.806593Z,classical,R2,earley,classical.R2.medium,pointers,227
1,20260726T135725.806593Z,classical,R2,earley,classical.R2.large,chart_items,1795
1,20260726T135725.806593Z,classical,R2,earley,classical.R2.large,pointers,1795
1,20260726T135725.806593Z,classical,P1,earley,classical.P1.small,chart_items,28
1,20260726T135725.806593Z,classical,P1,earley,classical.P1.small,pointers,28
1,20260726T135725.806593Z,classical,P1,earley,classical.P1.medium,chart_items,224
1,20260726T135725.806593Z,classical,P1,earley,classical.P1.medium,pointers,224
1,20260726T135725.806593Z,classical,P1,earley,classical.P1.large,chart_items,1792
1,20260726T135725.806593Z,classical,P1,earley,classical.P1.large,pointers,1792
1,20260726T135725.806593Z,earley,cfg5,lean,earley.cfg5.n021,cached_endpoints,942
1,20260726T135725.806593Z,earley,cfg5,lean,earley.cfg5.n021,memo_entries,715
1,20260726T135725.806593Z,earley,cfg5,lean,earley.cfg5.n021,memo_tags,4
1,20260726T135725.806593Z,earley,cfg5,lean,earley.cfg5.n021,representative_tree_nodes,9996
1,20260726T135725.806593Z,earley,cfg5,lean,earley.cfg5.n021,successful_ends,21
1,20260726T135725.806593Z,classical,P2,earley,classical.P2.small,chart_items,21
1,20260726T135725.806593Z,classical,P2,earley,classical.P2.small,pointers,21
1,20260726T135725.806593Z,classical,P2,earley,classical.P2.medium,chart_items,161
1,20260726T135725.806593Z,classical,P2,earley,classical.P2.medium,pointers,161
1,20260726T135725.806593Z,classical,P2,earley,classical.P2.large,chart_items,1281
1,20260726T135725.806593Z,classical,P2,earley,classical.P2.large,pointers,1281
1,20260726T135725.806593Z,classical,A1,lean,classical.A1.small,cached_endpoints,9
1,20260726T135725.806593Z,classical,A1,lean,classical.A1.small,memo_entries,6
1,20260726T135725.806593Z,classical,A1,lean,classical.A1.small,memo_tags,1
1,20260726T135725.806593Z,classical,A1,lean,classical.A1.small,representative_tree_nodes,101
1,20260726T135725.806593Z,classical,A1,lean,classical.A1.small,successful_ends,3
1,20260726T135725.806593Z,classical,A1,lean,classical.A1.medium,cached_endpoints,81
1,20260726T135725.806593Z,classical,A1,lean,classical.A1.medium,memo_entries,45
1,20260726T135725.806593Z,classical,A1,lean,classical.A1.medium,memo_tags,1
1,20260726T135725.806593Z,classical,A1,lean,classical.A1.medium,representative_tree_nodes,1896
1,20260726T135725.806593Z,classical,A1,lean,classical.A1.medium,successful_ends,9
1,20260726T135725.806593Z,classical,C1,earley,classical.C1.small,chart_items,60
1,20260726T135725.806593Z,classical,C1,earley,classical.C1.small,pointers,60
1,20260726T135725.806593Z,classical,C1,earley,classical.C1.medium,chart_items,1390
1,20260726T135725.806593Z,classical,C1,earley,classical.C1.medium,pointers,1390
1,20260726T135725.806593Z,earley,cfg1,lean,earley.cfg1.n023,cached_endpoints,5549
1,20260726T135725.806593Z,earley,cfg1,lean,earley.cfg1.n023,memo_entries,553
1,20260726T135725.806593Z,earley,cfg1,lean,earley.cfg1.n023,memo_tags,1
1,20260726T135725.806593Z,earley,cfg1,lean,earley.cfg1.n023,representative_tree_nodes,128468
1,20260726T135725.806593Z,earley,cfg1,lean,earley.cfg1.n023,successful_ends,23
1,20260726T135725.806593Z,classical,C1,earley,classical.C1.large,chart_items,68478
1,20260726T135725.806593Z,classical,C1,earley,classical.C1.large,pointers,68478
1,20260726T135725.806593Z,classical,A1,lean,classical.A1.large,cached_endpoints,1089
1,20260726T135725.806593Z,classical,A1,lean,classical.A1.large,memo_entries,561
1,20260726T135725.806593Z,classical,A1,lean,classical.A1.large,memo_tags,1
1,20260726T135725.806593Z,classical,A1,lean,classical.A1.large,representative_tree_nodes,73876
1,20260726T135725.806593Z,classical,A1,lean,classical.A1.large,successful_ends,33
1,20260726T135725.806593Z,earley,cfg5,lean,earley.cfg5.n023,cached_endpoints,1124
1,20260726T135725.806593Z,earley,cfg5,lean,earley.cfg5.n023,memo_entries,852
1,20260726T135725.806593Z,earley,cfg5,lean,earley.cfg5.n023,memo_tags,4
1,20260726T135725.806593Z,earley,cfg5,lean,earley.cfg5.n023,representative_tree_nodes,12689
1,20260726T135725.806593Z,earley,cfg5,lean,earley.cfg5.n023,successful_ends,23
1,20260726T135725.806593Z,classical,A1,earley,classical.A1.small,chart_items,42
1,20260726T135725.806593Z,classical,A1,earley,classical.A1.small,pointers,42
1,20260726T135725.806593Z,classical,A1,earley,classical.A1.medium,chart_items,252
1,20260726T135725.806593Z,classical,A1,earley,classical.A1.medium,pointers,294
1,20260726T135725.806593Z,classical,A1,earley,classical.A1.large,chart_items,2532
1,20260726T135725.806593Z,classical,A1,earley,classical.A1.large,pointers,3462
1,20260726T135725.806593Z,earley,cfg1,lean,earley.cfg1.n025,cached_endpoints,7145
1,20260726T135725.806593Z,earley,cfg1,lean,earley.cfg1.n025,memo_entries,651
1,20260726T135725.806593Z,earley,cfg1,lean,earley.cfg1.n025,memo_tags,1
1,20260726T135725.806593Z,earley,cfg1,lean,earley.cfg1.n025,representative_tree_nodes,179580
1,20260726T135725.806593Z,earley,cfg1,lean,earley.cfg1.n025,successful_ends,25
1,20260726T135725.806593Z,earley,cfg5,lean,earley.cfg5.n025,cached_endpoints,1322
1,20260726T135725.806593Z,earley,cfg5,lean,earley.cfg5.n025,memo_entries,1001
1,20260726T135725.806593Z,earley,cfg5,lean,earley.cfg5.n025,memo_tags,4
1,20260726T135725.806593Z,earley,cfg5,lean,earley.cfg5.n025,representative_tree_nodes,15818
1,20260726T135725.806593Z,earley,cfg5,lean,earley.cfg5.n025,successful_ends,25
1,20260726T135725.806593Z,earley,cfg5,lean,earley.cfg5.n027,cached_endpoints,1536
1,20260726T135725.806593Z,earley,cfg5,lean,earley.cfg5.n027,memo_entries,1162
1,20260726T135725.806593Z,earley,cfg5,lean,earley.cfg5.n027,memo_tags,4
1,20260726T135725.806593Z,earley,cfg5,lean,earley.cfg5.n027,representative_tree_nodes,19415
1,20260726T135725.806593Z,earley,cfg5,lean,earley.cfg5.n027,successful_ends,27
1,20260726T135725.806593Z,earley,cfg1,lean,earley.cfg1.n027,cached_endpoints,9025
1,20260726T135725.806593Z,earley,cfg1,lean,earley.cfg1.n027,memo_entries,757
1,20260726T135725.806593Z,earley,cfg1,lean,earley.cfg1.n027,memo_tags,1
1,20260726T135725.806593Z,earley,cfg1,lean,earley.cfg1.n027,representative_tree_nodes,244796
1,20260726T135725.806593Z,earley,cfg1,lean,earley.cfg1.n027,successful_ends,27
1,20260726T135725.806593Z,classical,C1,lean,classical.C1.large,cached_endpoints,33024
1,20260726T135725.806593Z,classical,C1,lean,classical.C1.large,memo_entries,512
1,20260726T135725.806593Z,classical,C1,lean,classical.C1.large,memo_tags,1
1,20260726T135725.806593Z,classical,C1,lean,classical.C1.large,representative_tree_nodes,4334655
1,20260726T135725.806593Z,classical,C1,lean,classical.C1.large,successful_ends,129
1,20260726T135725.806593Z,earley,cfg5,lean,earley.cfg5.n029,cached_endpoints,1766
1,20260726T135725.806593Z,earley,cfg5,lean,earley.cfg5.n029,memo_entries,1335
1,20260726T135725.806593Z,earley,cfg5,lean,earley.cfg5.n029,memo_tags,4
1,20260726T135725.806593Z,earley,cfg5,lean,earley.cfg5.n029,representative_tree_nodes,23512
1,20260726T135725.806593Z,earley,cfg5,lean,earley.cfg5.n029,successful_ends,29
1,20260726T135725.806593Z,earley,cfg1,lean,earley.cfg1.n029,cached_endpoints,11213
1,20260726T135725.806593Z,earley,cfg1,lean,earley.cfg1.n029,memo_entries,871
1,20260726T135725.806593Z,earley,cfg1,lean,earley.cfg1.n029,memo_tags,1
1,20260726T135725.806593Z,earley,cfg1,lean,earley.cfg1.n029,representative_tree_nodes,326540
1,20260726T135725.806593Z,earley,cfg1,lean,earley.cfg1.n029,successful_ends,29
1,20260726T135725.806593Z,earley,cfg5,lean,earley.cfg5.n031,cached_endpoints,2012
1,20260726T135725.806593Z,earley,cfg5,lean,earley.cfg5.n031,memo_entries,1520
1,20260726T135725.806593Z,earley,cfg5,lean,earley.cfg5.n031,memo_tags,4
1,20260726T135725.806593Z,earley,cfg5,lean,earley.cfg5.n031,representative_tree_nodes,28141
1,20260726T135725.806593Z,earley,cfg5,lean,earley.cfg5.n031,successful_ends,31
1,20260726T135725.806593Z,earley,cfg1,lean,earley.cfg1.n031,cached_endpoints,13733
1,20260726T135725.806593Z,earley,cfg1,lean,earley.cfg1.n031,memo_entries,993
1,20260726T135725.806593Z,earley,cfg1,lean,earley.cfg1.n031,memo_tags,1
1,20260726T135725.806593Z,earley,cfg1,lean,earley.cfg1.n031,representative_tree_nodes,427428
1,20260726T135725.806593Z,earley,cfg1,lean,earley.cfg1.n031,successful_ends,31
1,20260726T135725.806593Z,earley,cfg5,lean,earley.cfg5.n033,cached_endpoints,2274
1,20260726T135725.806593Z,earley,cfg5,lean,earley.cfg5.n033,memo_entries,1717
1,20260726T135725.806593Z,earley,cfg5,lean,earley.cfg5.n033,memo_tags,4
1,20260726T135725.806593Z,earley,cfg5,lean,earley.cfg5.n033,representative_tree_nodes,33334
1,20260726T135725.806593Z,earley,cfg5,lean,earley.cfg5.n033,successful_ends,33
1,20260726T135725.806593Z,earley,cfg5,lean,earley.cfg5.n035,cached_endpoints,2552
1,20260726T135725.806593Z,earley,cfg5,lean,earley.cfg5.n035,memo_entries,1926
1,20260726T135725.806593Z,earley,cfg5,lean,earley.cfg5.n035,memo_tags,4
1,20260726T135725.806593Z,earley,cfg5,lean,earley.cfg5.n035,representative_tree_nodes,39123
1,20260726T135725.806593Z,earley,cfg5,lean,earley.cfg5.n035,successful_ends,35
1,20260726T135725.806593Z,earley,cfg1,lean,earley.cfg1.n033,cached_endpoints,16608
1,20260726T135725.806593Z,earley,cfg1,lean,earley.cfg1.n033,memo_entries,1123
1,20260726T135725.806593Z,earley,cfg1,lean,earley.cfg1.n033,memo_tags,1
1,20260726T135725.806593Z,earley,cfg1,lean,earley.cfg1.n033,representative_tree_nodes,550170
1,20260726T135725.806593Z,earley,cfg1,lean,earley.cfg1.n033,successful_ends,33
1,20260726T135725.806593Z,earley,cfg5,lean,earley.cfg5.n037,cached_endpoints,2846
1,20260726T135725.806593Z,earley,cfg5,lean,earley.cfg5.n037,memo_entries,2147
1,20260726T135725.806593Z,earley,cfg5,lean,earley.cfg5.n037,memo_tags,4
1,20260726T135725.806593Z,earley,cfg5,lean,earley.cfg5.n037,representative_tree_nodes,45540
1,20260726T135725.806593Z,earley,cfg5,lean,earley.cfg5.n037,successful_ends,37
1,20260726T135725.806593Z,earley,cfg1,lean,earley.cfg1.n035,cached_endpoints,19859
1,20260726T135725.806593Z,earley,cfg1,lean,earley.cfg1.n035,memo_entries,1261
1,20260726T135725.806593Z,earley,cfg1,lean,earley.cfg1.n035,memo_tags,1
1,20260726T135725.806593Z,earley,cfg1,lean,earley.cfg1.n035,representative_tree_nodes,697460
1,20260726T135725.806593Z,earley,cfg1,lean,earley.cfg1.n035,successful_ends,35
1,20260726T135725.806593Z,earley,cfg5,lean,earley.cfg5.n039,cached_endpoints,3156
1,20260726T135725.806593Z,earley,cfg5,lean,earley.cfg5.n039,memo_entries,2380
1,20260726T135725.806593Z,earley,cfg5,lean,earley.cfg5.n039,memo_tags,4
1,20260726T135725.806593Z,earley,cfg5,lean,earley.cfg5.n039,representative_tree_nodes,52617
1,20260726T135725.806593Z,earley,cfg5,lean,earley.cfg5.n039,successful_ends,39
1,20260726T135725.806593Z,earley,cfg1,lean,earley.cfg1.n037,cached_endpoints,23510
1,20260726T135725.806593Z,earley,cfg1,lean,earley.cfg1.n037,memo_entries,1407
1,20260726T135725.806593Z,earley,cfg1,lean,earley.cfg1.n037,memo_tags,1
1,20260726T135725.806593Z,earley,cfg1,lean,earley.cfg1.n037,representative_tree_nodes,872466
1,20260726T135725.806593Z,earley,cfg1,lean,earley.cfg1.n037,successful_ends,37
1,20260726T135725.806593Z,earley,cfg5,lean,earley.cfg5.n041,cached_endpoints,3482
1,20260726T135725.806593Z,earley,cfg5,lean,earley.cfg5.n041,memo_entries,2625
1,20260726T135725.806593Z,earley,cfg5,lean,earley.cfg5.n041,memo_tags,4
1,20260726T135725.806593Z,earley,cfg5,lean,earley.cfg5.n041,representative_tree_nodes,60386
1,20260726T135725.806593Z,earley,cfg5,lean,earley.cfg5.n041,successful_ends,41
1,20260726T135725.806593Z,earley,cfg5,lean,earley.cfg5.n043,cached_endpoints,3824
1,20260726T135725.806593Z,earley,cfg5,lean,earley.cfg5.n043,memo_entries,2882
1,20260726T135725.806593Z,earley,cfg5,lean,earley.cfg5.n043,memo_tags,4
1,20260726T135725.806593Z,earley,cfg5,lean,earley.cfg5.n043,representative_tree_nodes,68879
1,20260726T135725.806593Z,earley,cfg5,lean,earley.cfg5.n043,successful_ends,43
1,20260726T135725.806593Z,earley,cfg1,lean,earley.cfg1.n039,cached_endpoints,27585
1,20260726T135725.806593Z,earley,cfg1,lean,earley.cfg1.n039,memo_entries,1561
1,20260726T135725.806593Z,earley,cfg1,lean,earley.cfg1.n039,memo_tags,1
1,20260726T135725.806593Z,earley,cfg1,lean,earley.cfg1.n039,representative_tree_nodes,1078548
1,20260726T135725.806593Z,earley,cfg1,lean,earley.cfg1.n039,successful_ends,39
1,20260726T135725.806593Z,earley,cfg5,lean,earley.cfg5.n045,cached_endpoints,4182
1,20260726T135725.806593Z,earley,cfg5,lean,earley.cfg5.n045,memo_entries,3151
1,20260726T135725.806593Z,earley,cfg5,lean,earley.cfg5.n045,memo_tags,4
1,20260726T135725.806593Z,earley,cfg5,lean,earley.cfg5.n045,representative_tree_nodes,78128
1,20260726T135725.806593Z,earley,cfg5,lean,earley.cfg5.n045,successful_ends,45
1,20260726T135725.806593Z,earley,cfg5,lean,earley.cfg5.n047,cached_endpoints,4556
1,20260726T135725.806593Z,earley,cfg5,lean,earley.cfg5.n047,memo_entries,3432
1,20260726T135725.806593Z,earley,cfg5,lean,earley.cfg5.n047,memo_tags,4
1,20260726T135725.806593Z,earley,cfg5,lean,earley.cfg5.n047,representative_tree_nodes,88165
1,20260726T135725.806593Z,earley,cfg5,lean,earley.cfg5.n047,successful_ends,47
1,20260726T135725.806593Z,earley,cfg5,lean,earley.cfg5.n049,cached_endpoints,4946
1,20260726T135725.806593Z,earley,cfg5,lean,earley.cfg5.n049,memo_entries,3725
1,20260726T135725.806593Z,earley,cfg5,lean,earley.cfg5.n049,memo_tags,4
1,20260726T135725.806593Z,earley,cfg5,lean,earley.cfg5.n049,representative_tree_nodes,99022
1,20260726T135725.806593Z,earley,cfg5,lean,earley.cfg5.n049,successful_ends,49
