suite,grammar_id,case_id,token_count,baseline_parser,compared_parser,baseline_elapsed_ns,compared_elapsed_ns,compared_over_baseline
classical,A1,classical.A1.large,161,lean,earley,1743414504,18562000,0.01064692301079996
classical,A1,classical.A1.medium,41,lean,earley,12028498,717000,0.05960843989000123
classical,A1,classical.A1.medium,41,lean,costar,12028498,10964870,0.9115743295630094
classical,A1,classical.A1.medium,41,earley,costar,717000,10964870,15.292705718270572
classical,A1,classical.A1.small,11,lean,earley,294444,50000,0.1698115770740786
classical,A1,classical.A1.small,11,lean,costar,294444,85830,0.29149855320536333
classical,A1,classical.A1.small,11,earley,costar,50000,85830,1.7166
classical,C1,classical.C1.large,511,lean,earley,26196254331,815766000,0.031140558863586947
classical,C1,classical.C1.large,511,lean,costar,26196254331,13047327041,0.49806078671179016
classical,C1,classical.C1.large,511,earley,costar,815766000,13047327041,15.993957876400831
classical,C1,classical.C1.medium,63,lean,earley,54131771,2845000,0.05255693555638518
classical,C1,classical.C1.medium,63,lean,costar,54131771,28987884,0.5355059231296904
classical,C1,classical.C1.medium,63,earley,costar,2845000,28987884,10.189062917398946
classical,C1,classical.C1.small,7,lean,earley,611891,61000,0.09969095803010666
classical,C1,classical.C1.small,7,lean,costar,611891,159025,0.2598910590284871
classical,C1,classical.C1.small,7,earley,costar,61000,159025,2.606967213114754
classical,P1,classical.P1.large,512,lean,earley,1786621714,12128000,0.006788230493878348
classical,P1,classical.P1.large,512,lean,costar,1786621714,586986,0.0003285452065204218
classical,P1,classical.P1.large,512,earley,costar,12128000,586986,0.04839924142480211
classical,P1,classical.P1.medium,64,lean,earley,26954105,366000,0.01357863672342302
classical,P1,classical.P1.medium,64,lean,costar,26954105,94890,0.003520428520998935
classical,P1,classical.P1.medium,64,earley,costar,366000,94890,0.2592622950819672
classical,P1,classical.P1.small,8,lean,earley,716829,50000,0.06975164230241801
classical,P1,classical.P1.small,8,lean,costar,716829,15974,0.022284254682776505
classical,P1,classical.P1.small,8,earley,costar,50000,15974,0.31948
classical,P2,classical.P2.large,512,lean,earley,393401303,12909000,0.032813821158085996
classical,P2,classical.P2.large,512,lean,costar,393401303,324010,0.0008236119136595742
classical,P2,classical.P2.large,512,earley,costar,12909000,324010,0.025099542954527848
classical,P2,classical.P2.medium,64,lean,earley,5359733,268000,0.05000249079571688
classical,P2,classical.P2.medium,64,lean,costar,5359733,51975,0.009697311414579794
classical,P2,classical.P2.medium,64,earley,costar,268000,51975,0.1939365671641791
classical,P2,classical.P2.small,8,lean,earley,197411,25000,0.12663934633834995
classical,P2,classical.P2.small,8,lean,costar,197411,10967,0.05555414845170735
classical,P2,classical.P2.small,8,earley,costar,25000,10967,0.43868
classical,R1,classical.R1.large,257,lean,earley,352898662,8278000,0.023457158927964426
classical,R1,classical.R1.large,257,lean,costar,352898662,319957,0.0009066540467642805
classical,R1,classical.R1.large,257,earley,costar,8278000,319957,0.03865148586615125
classical,R1,classical.R1.medium,33,lean,earley,6129711,191000,0.03115970720316178
classical,R1,classical.R1.medium,33,lean,costar,6129711,51975,0.008479192575310646
classical,R1,classical.R1.medium,33,earley,costar,191000,51975,0.27212041884816757
classical,R1,classical.R1.small,5,lean,earley,178897,44000,0.24595158107737972
classical,R1,classical.R1.small,5,lean,costar,178897,14066,0.07862624862350961
classical,R1,classical.R1.small,5,earley,costar,44000,14066,0.3196818181818182
classical,R2,classical.R2.large,513,lean,earley,1687892579,27606000,0.016355306222363575
classical,R2,classical.R2.large,513,lean,costar,1687892579,650882,0.0003856181418758403
classical,R2,classical.R2.large,513,earley,costar,27606000,650882,0.023577555603854234
classical,R2,classical.R2.medium,65,lean,earley,21651060,382000,0.01764347796366552
classical,R2,classical.R2.medium,65,lean,costar,21651060,78916,0.0036449023742948384
classical,R2,classical.R2.medium,65,earley,costar,382000,78916,0.20658638743455499
classical,R2,classical.R2.small,7,lean,earley,401235,27000,0.06729223522374668
classical,R2,classical.R2.small,7,lean,costar,401235,21219,0.05288421997084003
classical,R2,classical.R2.small,7,earley,costar,27000,21219,0.7858888888888889
earley,cfg1,earley.cfg1.n001,1,lean,earley,67176,16000,0.23818030248898417
earley,cfg1,earley.cfg1.n003,3,lean,earley,880857,29000,0.03292248344509949
earley,cfg1,earley.cfg1.n005,5,lean,earley,5269443,88000,0.016700057292582917
earley,cfg1,earley.cfg1.n007,7,lean,earley,16188303,159000,0.009821906595150831
earley,cfg1,earley.cfg1.n009,9,lean,earley,48357058,300000,0.006203851359195591
earley,cfg1,earley.cfg1.n011,11,lean,earley,118628400,319000,0.0026890693965357366
earley,cfg1,earley.cfg1.n013,13,lean,earley,275401476,538000,0.0019535116797994214
earley,cfg1,earley.cfg1.n015,15,lean,earley,579284471,1025000,0.0017694242661650773
earley,cfg1,earley.cfg1.n017,17,lean,earley,1655538465,1396000,0.0008432301813053917
earley,cfg1,earley.cfg1.n019,19,lean,earley,2177506936,1817000,0.0008344405108246231
earley,cfg1,earley.cfg1.n021,21,lean,earley,3837941560,2298000,0.0005987584657229642
earley,cfg1,earley.cfg1.n023,23,lean,earley,5258390754,2707000,0.0005147962802005186
earley,cfg1,earley.cfg1.n025,25,lean,earley,6411931066,5025000,0.0007836952625154751
earley,cfg1,earley.cfg1.n027,27,lean,earley,8444930859,5723000,0.0006776846484066638
earley,cfg1,earley.cfg1.n029,29,lean,earley,11785492605,9782000,0.0008300034905498971
earley,cfg1,earley.cfg1.n031,31,lean,earley,16442971192,12483000,0.0007591693650885526
earley,cfg1,earley.cfg1.n033,33,lean,earley,23899271702,15218000,0.000636755805354792
earley,cfg1,earley.cfg1.n035,35,lean,earley,28693843314,14975000,0.0005218889584126765
earley,cfg1,earley.cfg1.n037,37,lean,earley,39189554735,18221000,0.0004649453182923488
earley,cfg1,earley.cfg1.n039,39,lean,earley,51177736392,24797000,0.00048452709611979274
earley,cfg2,earley.cfg2.n001,1,lean,earley,81704,12000,0.14687163419171645
earley,cfg2,earley.cfg2.n001,1,lean,costar,81704,4053,0.049605894448252225
earley,cfg2,earley.cfg2.n001,1,earley,costar,12000,4053,0.33775
earley,cfg2,earley.cfg2.n003,3,lean,earley,108284,15000,0.13852462044254
earley,cfg2,earley.cfg2.n003,3,lean,costar,108284,8821,0.08146171179490969
earley,cfg2,earley.cfg2.n003,3,earley,costar,15000,8821,0.5880666666666666
earley,cfg2,earley.cfg2.n005,5,lean,earley,233278,21000,0.09002134791964951
earley,cfg2,earley.cfg2.n005,5,lean,costar,233278,25033,0.10730973345107554
earley,cfg2,earley.cfg2.n005,5,earley,costar,21000,25033,1.192047619047619
earley,cfg2,earley.cfg2.n007,7,lean,earley,385064,230000,0.5973033054245528
earley,cfg2,earley.cfg2.n007,7,lean,costar,385064,17881,0.046436436540419256
earley,cfg2,earley.cfg2.n007,7,earley,costar,230000,17881,0.07774347826086957
earley,cfg2,earley.cfg2.n009,9,lean,earley,582617,86000,0.1476098363075571
earley,cfg2,earley.cfg2.n009,9,lean,costar,582617,25033,0.04296647711961717
earley,cfg2,earley.cfg2.n009,9,earley,costar,86000,25033,0.2910813953488372
earley,cfg2,earley.cfg2.n011,11,lean,earley,872501,105000,0.12034370161180331
earley,cfg2,earley.cfg2.n011,11,lean,costar,872501,30040,0.034429759965891156
earley,cfg2,earley.cfg2.n011,11,earley,costar,105000,30040,0.28609523809523807
earley,cfg2,earley.cfg2.n013,13,lean,earley,1328830,144000,0.10836600618589286
earley,cfg2,earley.cfg2.n013,13,lean,costar,1328830,36001,0.02709225408818284
earley,cfg2,earley.cfg2.n013,13,earley,costar,144000,36001,0.25000694444444443
earley,cfg2,earley.cfg2.n015,15,lean,earley,2023066,186000,0.09193965990234625
earley,cfg2,earley.cfg2.n015,15,lean,costar,2023066,36001,0.017795267183571866
earley,cfg2,earley.cfg2.n015,15,earley,costar,186000,36001,0.19355376344086023
earley,cfg2,earley.cfg2.n017,17,lean,earley,2575345,180000,0.06989354824305093
earley,cfg2,earley.cfg2.n017,17,lean,costar,2575345,53882,0.020922245369067057
earley,cfg2,earley.cfg2.n017,17,earley,costar,180000,53882,0.29934444444444447
earley,cfg2,earley.cfg2.n019,19,lean,earley,3619569,249000,0.06879272090130067
earley,cfg2,earley.cfg2.n019,19,lean,costar,3619569,50067,0.013832309868937435
earley,cfg2,earley.cfg2.n019,19,earley,costar,249000,50067,0.2010722891566265
earley,cfg2,earley.cfg2.n021,21,lean,earley,4660307,403000,0.08647498973780053
earley,cfg2,earley.cfg2.n021,21,lean,costar,4660307,60796,0.01304549249652437
earley,cfg2,earley.cfg2.n021,21,earley,costar,403000,60796,0.15085856079404467
earley,cfg2,earley.cfg2.n023,23,lean,earley,5592922,564000,0.10084174247379098
earley,cfg2,earley.cfg2.n023,23,lean,costar,5592922,55074,0.009847088874116249
earley,cfg2,earley.cfg2.n023,23,earley,costar,564000,55074,0.09764893617021277
earley,cfg2,earley.cfg2.n025,25,lean,earley,7265528,444000,0.061110493277295196
earley,cfg2,earley.cfg2.n025,25,lean,costar,7265528,73909,0.01017255731448561
earley,cfg2,earley.cfg2.n025,25,earley,costar,444000,73909,0.1664617117117117
earley,cfg2,earley.cfg2.n027,27,lean,earley,9254289,538000,0.05813520628110922
earley,cfg2,earley.cfg2.n027,27,lean,costar,9254289,59127,0.006389145616697295
earley,cfg2,earley.cfg2.n027,27,earley,costar,538000,59127,0.10990148698884758
earley,cfg2,earley.cfg2.n029,29,lean,earley,11062340,924000,0.08352663179761244
earley,cfg2,earley.cfg2.n029,29,lean,costar,11062340,88930,0.008038986326581898
earley,cfg2,earley.cfg2.n029,29,earley,costar,924000,88930,0.09624458874458874
earley,cfg2,earley.cfg2.n031,31,lean,earley,14010596,1320000,0.09421440743848442
earley,cfg2,earley.cfg2.n031,31,lean,costar,14010596,115156,0.008219207805292509
earley,cfg2,earley.cfg2.n031,31,earley,costar,1320000,115156,0.08723939393939394
earley,cfg2,earley.cfg2.n033,33,lean,earley,18402748,1251000,0.06797897792221032
earley,cfg2,earley.cfg2.n033,33,lean,costar,18402748,78916,0.004288272599287889
earley,cfg2,earley.cfg2.n033,33,earley,costar,1251000,78916,0.06308233413269385
earley,cfg2,earley.cfg2.n035,35,lean,earley,22291644,1887000,0.084650553364301
earley,cfg2,earley.cfg2.n035,35,lean,costar,22291644,77009,0.003454612858522234
earley,cfg2,earley.cfg2.n035,35,earley,costar,1887000,77009,0.0408102808691044
earley,cfg2,earley.cfg2.n037,37,lean,earley,23755628,1752000,0.07375094440778412
earley,cfg2,earley.cfg2.n037,37,lean,costar,23755628,90837,0.00382380966733441
earley,cfg2,earley.cfg2.n037,37,earley,costar,1752000,90837,0.05184760273972603
earley,cfg2,earley.cfg2.n039,39,lean,earley,26342525,1879000,0.07132953276119126
earley,cfg2,earley.cfg2.n039,39,lean,costar,26342525,91075,0.00345733751794864
earley,cfg2,earley.cfg2.n039,39,earley,costar,1879000,91075,0.04846993081426291
earley,cfg2,earley.cfg2.n041,41,lean,earley,36042141,1755000,0.04869300078483129
earley,cfg2,earley.cfg2.n041,41,lean,costar,36042141,102996,0.0028576548768287657
earley,cfg2,earley.cfg2.n041,41,earley,costar,1755000,102996,0.05868717948717949
earley,cfg2,earley.cfg2.n043,43,lean,earley,43403830,1978000,0.04557201518852138
earley,cfg2,earley.cfg2.n043,43,lean,costar,43403830,87022,0.0020049382738804387
earley,cfg2,earley.cfg2.n043,43,earley,costar,1978000,87022,0.04399494438827098
earley,cfg2,earley.cfg2.n045,45,lean,earley,51211086,2109000,0.04118248927585719
earley,cfg2,earley.cfg2.n045,45,lean,costar,51211086,95844,0.0018715478910171911
earley,cfg2,earley.cfg2.n045,45,earley,costar,2109000,95844,0.0454452347083926
earley,cfg2,earley.cfg2.n047,47,lean,earley,58042448,3009000,0.05184136961280475
earley,cfg2,earley.cfg2.n047,47,lean,costar,58042448,98943,0.0017046662125622268
earley,cfg2,earley.cfg2.n047,47,earley,costar,3009000,98943,0.032882352941176474
earley,cfg2,earley.cfg2.n049,49,lean,earley,51412316,3895000,0.0757600571816294
earley,cfg2,earley.cfg2.n049,49,lean,costar,51412316,123977,0.002411426087087771
earley,cfg2,earley.cfg2.n049,49,earley,costar,3895000,123977,0.031829781771501926
earley,cfg2,earley.cfg2.n051,51,lean,earley,63155666,4703000,0.07446679447573239
earley,cfg2,earley.cfg2.n051,51,lean,costar,63155666,79870,0.001264652960828566
earley,cfg2,earley.cfg2.n051,51,earley,costar,4703000,79870,0.016982776950882416
earley,cfg2,earley.cfg2.n053,53,lean,earley,67595869,4454000,0.06589160056511738
earley,cfg2,earley.cfg2.n053,53,lean,costar,67595869,160932,0.002380796376772669
earley,cfg2,earley.cfg2.n053,53,earley,costar,4454000,160932,0.036132016165244724
earley,cfg2,earley.cfg2.n055,55,lean,earley,92468619,5157000,0.05577027164210163
earley,cfg2,earley.cfg2.n055,55,lean,costar,92468619,32186,0.00034807484255820883
earley,cfg2,earley.cfg2.n055,55,earley,costar,5157000,32186,0.006241225518712429
earley,cfg2,earley.cfg2.n057,57,lean,earley,105000995,4636000,0.044151962559973834
earley,cfg2,earley.cfg2.n057,57,lean,costar,105000995,30994,0.00029517815521652914
earley,cfg2,earley.cfg2.n057,57,earley,costar,4636000,30994,0.006685504745470233
earley,cfg2,earley.cfg2.n059,59,lean,earley,116192748,6007000,0.05169857932958088
earley,cfg2,earley.cfg2.n059,59,lean,costar,116192748,31948,0.0002749569189980772
earley,cfg2,earley.cfg2.n059,59,earley,costar,6007000,31948,0.0053184617945729986
earley,cfg2,earley.cfg2.n061,61,lean,earley,140413662,7122000,0.050721560128529374
earley,cfg2,earley.cfg2.n061,61,lean,costar,140413662,33855,0.0002411090168704524
earley,cfg2,earley.cfg2.n061,61,earley,costar,7122000,33855,0.004753580454928391
earley,cfg2,earley.cfg2.n063,63,lean,earley,155956651,8840000,0.056682417475096974
earley,cfg2,earley.cfg2.n063,63,lean,costar,155956651,35047,0.0002247227019513262
earley,cfg2,earley.cfg2.n063,63,earley,costar,8840000,35047,0.003964592760180996
earley,cfg2,earley.cfg2.n065,65,lean,earley,213102231,9853000,0.046236024624256515
earley,cfg2,earley.cfg2.n065,65,lean,costar,213102231,41007,0.00019242876908219698
earley,cfg2,earley.cfg2.n065,65,earley,costar,9853000,41007,0.0041618796305693696
earley,cfg3,earley.cfg3.n001,1,lean,earley,41828,14000,0.3347040260112843
earley,cfg3,earley.cfg3.n001,1,lean,costar,41828,5960,0.1424882853590896
earley,cfg3,earley.cfg3.n001,1,earley,costar,14000,5960,0.4257142857142857
earley,cfg3,earley.cfg3.n003,3,lean,earley,91732,24000,0.2616317097632233
earley,cfg3,earley.cfg3.n003,3,lean,costar,91732,24080,0.26250381546243406
earley,cfg3,earley.cfg3.n003,3,earley,costar,24000,24080,1.0033333333333334
earley,cfg3,earley.cfg3.n005,5,lean,earley,188645,35000,0.1855336743618967
earley,cfg3,earley.cfg3.n005,5,lean,costar,188645,66995,0.3551379575392934
earley,cfg3,earley.cfg3.n005,5,earley,costar,35000,66995,1.9141428571428571
earley,cfg3,earley.cfg3.n007,7,lean,earley,388992,84000,0.2159427443237907
earley,cfg3,earley.cfg3.n007,7,lean,costar,388992,122070,0.3138110809476802
earley,cfg3,earley.cfg3.n007,7,earley,costar,84000,122070,1.4532142857142858
earley,cfg3,earley.cfg3.n009,9,lean,earley,522493,56000,0.10717846937662323
earley,cfg3,earley.cfg3.n009,9,lean,costar,522493,260114,0.49783250684698166
earley,cfg3,earley.cfg3.n009,9,earley,costar,56000,260114,4.644892857142857
earley,cfg3,earley.cfg3.n011,11,lean,earley,868414,109000,0.1255161708585997
earley,cfg3,earley.cfg3.n011,11,lean,costar,868414,299215,0.3445534042518891
earley,cfg3,earley.cfg3.n011,11,earley,costar,109000,299215,2.745091743119266
earley,cfg3,earley.cfg3.n013,13,lean,earley,1684369,159000,0.09439736779767378
earley,cfg3,earley.cfg3.n013,13,lean,costar,1684369,553131,0.32839063174399435
earley,cfg3,earley.cfg3.n013,13,earley,costar,159000,553131,3.478811320754717
earley,cfg3,earley.cfg3.n015,15,lean,earley,1370007,228000,0.16642250733025452
earley,cfg3,earley.cfg3.n015,15,lean,costar,1370007,596046,0.4350678500182846
earley,cfg3,earley.cfg3.n015,15,earley,costar,228000,596046,2.6142368421052633
earley,cfg3,earley.cfg3.n017,17,lean,earley,1760001,297000,0.16874990411937266
earley,cfg3,earley.cfg3.n017,17,lean,costar,1760001,423908,0.24085668133143107
earley,cfg3,earley.cfg3.n017,17,earley,costar,297000,423908,1.4272996632996633
earley,cfg3,earley.cfg3.n019,19,lean,earley,2273347,434000,0.19090794322204221
earley,cfg3,earley.cfg3.n019,19,lean,costar,2273347,713109,0.3136824250763302
earley,cfg3,earley.cfg3.n019,19,earley,costar,434000,713109,1.6431082949308755
earley,cfg3,earley.cfg3.n021,21,lean,earley,3461562,414000,0.11959918672553027
earley,cfg3,earley.cfg3.n021,21,lean,costar,3461562,793933,0.22935686259555657
earley,cfg3,earley.cfg3.n021,21,earley,costar,414000,793933,1.9177125603864735
earley,cfg3,earley.cfg3.n023,23,lean,earley,3895918,785000,0.201492947233489
earley,cfg3,earley.cfg3.n023,23,lean,costar,3895918,1080989,0.277467082212716
earley,cfg3,earley.cfg3.n023,23,earley,costar,785000,1080989,1.377056050955414
earley,cfg3,earley.cfg3.n025,25,lean,earley,4585155,785000,0.17120468119398363
earley,cfg3,earley.cfg3.n025,25,lean,costar,4585155,1429080,0.3116753959244562
earley,cfg3,earley.cfg3.n025,25,earley,costar,785000,1429080,1.820484076433121
earley,cfg3,earley.cfg3.n027,27,lean,earley,5702418,1126000,0.19746009499829723
earley,cfg3,earley.cfg3.n027,27,lean,costar,5702418,1627922,0.28547924757532683
earley,cfg3,earley.cfg3.n027,27,earley,costar,1126000,1627922,1.4457566607460035
earley,cfg3,earley.cfg3.n029,29,lean,earley,6671621,1447000,0.21688881907410507
earley,cfg3,earley.cfg3.n029,29,lean,costar,6671621,2059936,0.3087609443042403
earley,cfg3,earley.cfg3.n029,29,earley,costar,1447000,2059936,1.4235908776779544
earley,cfg3,earley.cfg3.n031,31,lean,earley,8003797,1402000,0.17516686142839455
earley,cfg3,earley.cfg3.n031,31,lean,costar,8003797,2587080,0.3232315862083958
earley,cfg3,earley.cfg3.n031,31,earley,costar,1402000,2587080,1.8452781740370898
earley,cfg3,earley.cfg3.n033,33,lean,earley,10276211,1649000,0.16046770546069947
earley,cfg3,earley.cfg3.n033,33,lean,costar,10276211,4644870,0.45200220197892005
earley,cfg3,earley.cfg3.n033,33,earley,costar,1649000,4644870,2.8167798665858097
earley,cfg3,earley.cfg3.n035,35,lean,earley,12767608,3080000,0.24123547652778812
earley,cfg3,earley.cfg3.n035,35,lean,costar,12767608,5635023,0.44135307099027477
earley,cfg3,earley.cfg3.n035,35,earley,costar,3080000,5635023,1.829552922077922
earley,cfg3,earley.cfg3.n037,37,lean,earley,17205467,2344000,0.13623576738719154
earley,cfg3,earley.cfg3.n037,37,lean,costar,17205467,5413055,0.3146125007824548
earley,cfg3,earley.cfg3.n037,37,earley,costar,2344000,5413055,2.309323805460751
earley,cfg3,earley.cfg3.n039,39,lean,earley,16997344,3304000,0.19438331071019097
earley,cfg3,earley.cfg3.n039,39,lean,costar,16997344,5664110,0.33323500424536917
earley,cfg3,earley.cfg3.n039,39,earley,costar,3304000,5664110,1.7143190072639225
earley,cfg3,earley.cfg3.n041,41,lean,earley,17747586,3334000,0.18785653440417194
earley,cfg3,earley.cfg3.n041,41,lean,costar,17747586,7050991,0.3972929614202179
earley,cfg3,earley.cfg3.n041,41,earley,costar,3334000,7050991,2.114874325134973
earley,cfg3,earley.cfg3.n043,43,lean,earley,19807321,5025000,0.25369407604390315
earley,cfg3,earley.cfg3.n043,43,lean,costar,19807321,7534980,0.3804138883799581
earley,cfg3,earley.cfg3.n043,43,earley,costar,5025000,7534980,1.4994985074626865
earley,cfg3,earley.cfg3.n045,45,lean,earley,24058558,4430000,0.1841340615676135
earley,cfg3,earley.cfg3.n045,45,lean,costar,24058558,10562181,0.43901970350841474
earley,cfg3,earley.cfg3.n045,45,earley,costar,4430000,10562181,2.3842395033860044
earley,cfg3,earley.cfg3.n047,47,lean,earley,25815643,4879000,0.1889939367382792
earley,cfg3,earley.cfg3.n047,47,lean,costar,25815643,9993076,0.38709382524386476
earley,cfg3,earley.cfg3.n047,47,earley,costar,4879000,9993076,2.0481811846689895
earley,cfg3,earley.cfg3.n049,49,lean,earley,33192480,6591000,0.19856907347688393
earley,cfg3,earley.cfg3.n049,49,lean,costar,33192480,12203931,0.36767156295642867
earley,cfg3,earley.cfg3.n049,49,earley,costar,6591000,12203931,1.8516053709604006
earley,cfg3,earley.cfg3.n051,51,lean,earley,44066116,6203000,0.1407657529880782
earley,cfg3,earley.cfg3.n051,51,lean,costar,44066116,14053106,0.318909567614264
earley,cfg3,earley.cfg3.n051,51,earley,costar,6203000,14053106,2.2655337739803323
earley,cfg3,earley.cfg3.n053,53,lean,earley,54209447,6697000,0.12353935283641614
earley,cfg3,earley.cfg3.n053,53,lean,costar,54209447,14429092,0.26617301593207543
earley,cfg3,earley.cfg3.n053,53,earley,costar,6697000,14429092,2.154560549499776
earley,cfg3,earley.cfg3.n055,55,lean,earley,42362170,7635000,0.18023156037568425
earley,cfg3,earley.cfg3.n055,55,lean,costar,42362170,17979860,0.4244319873132089
earley,cfg3,earley.cfg3.n055,55,earley,costar,7635000,17979860,2.354925998690242
earley,cfg3,earley.cfg3.n057,57,lean,earley,42939376,6903000,0.1607615350535136
earley,cfg3,earley.cfg3.n057,57,lean,costar,42939376,18259048,0.42522853615758177
earley,cfg3,earley.cfg3.n057,57,earley,costar,6903000,18259048,2.6450888019701577
earley,cfg3,earley.cfg3.n059,59,lean,earley,47150248,9752000,0.20682818041593334
earley,cfg3,earley.cfg3.n059,59,lean,costar,47150248,19449949,0.41251000418916145
earley,cfg3,earley.cfg3.n059,59,earley,costar,9752000,19449949,1.9944574446267431
earley,cfg3,earley.cfg3.n061,61,lean,earley,52282812,11296000,0.21605570870977636
earley,cfg3,earley.cfg3.n061,61,lean,costar,52282812,22719144,0.4345432682542018
earley,cfg3,earley.cfg3.n061,61,earley,costar,11296000,22719144,2.0112556657223797
earley,cfg3,earley.cfg3.n063,63,lean,earley,65986872,12517000,0.18968924606700557
earley,cfg3,earley.cfg3.n063,63,lean,costar,65986872,25149106,0.38112286940953954
earley,cfg3,earley.cfg3.n063,63,earley,costar,12517000,25149106,2.0091959734760727
earley,cfg3,earley.cfg3.n065,65,lean,earley,72140218,13061000,0.18105018756666358
earley,cfg3,earley.cfg3.n065,65,lean,costar,72140218,34367084,0.4763928492702919
earley,cfg3,earley.cfg3.n065,65,earley,costar,13061000,34367084,2.6312750937906744
earley,cfg4,earley.cfg4.n001,1,lean,earley,111570,15000,0.13444474321054048
earley,cfg4,earley.cfg4.n003,3,lean,earley,179498,12000,0.06685311256949938
earley,cfg4,earley.cfg4.n005,5,lean,earley,433807,16000,0.03688276122791933
earley,cfg4,earley.cfg4.n007,7,lean,earley,729242,18000,0.024683164162239694
earley,cfg4,earley.cfg4.n009,9,lean,earley,1259740,18000,0.014288662739930461
earley,cfg4,earley.cfg4.n011,11,lean,earley,1633303,17000,0.010408356563356584
earley,cfg4,earley.cfg4.n013,13,lean,earley,1751806,26000,0.014841826092615279
earley,cfg4,earley.cfg4.n015,15,lean,earley,2430793,31000,0.012753039851603983
earley,cfg4,earley.cfg4.n017,17,lean,earley,4233614,28000,0.006613734742940665
earley,cfg4,earley.cfg4.n019,19,lean,earley,4650828,36000,0.007740557165304759
earley,cfg4,earley.cfg4.n021,21,lean,earley,8655443,30000,0.0034660270999416205
earley,cfg4,earley.cfg4.n023,23,lean,earley,7129492,26000,0.0036468236446579923
earley,cfg4,earley.cfg4.n025,25,lean,earley,11036461,28000,0.0025370451633000835
earley,cfg4,earley.cfg4.n027,27,lean,earley,11558153,42000,0.003633798583562616
earley,cfg4,earley.cfg4.n029,29,lean,earley,17284094,52000,0.003008546470529494
earley,cfg4,earley.cfg4.n031,31,lean,earley,19437716,60000,0.003086782418263545
earley,cfg4,earley.cfg4.n033,33,lean,earley,22533930,49000,0.00217449863383795
earley,cfg4,earley.cfg4.n035,35,lean,earley,33062826,79000,0.0023893904289972066
earley,cfg4,earley.cfg4.n037,37,lean,earley,38559186,64000,0.0016597860753595783
earley,cfg4,earley.cfg4.n039,39,lean,earley,44651877,88000,0.0019708018097425108
earley,cfg4,earley.cfg4.n041,41,lean,earley,54056008,88000,0.0016279411531831948
earley,cfg4,earley.cfg4.n043,43,lean,earley,69999621,76000,0.0010857201641134599
earley,cfg4,earley.cfg4.n045,45,lean,earley,72498311,77000,0.0010620937086382605
earley,cfg4,earley.cfg4.n047,47,lean,earley,82940676,81000,0.0009766016375366896
earley,cfg4,earley.cfg4.n049,49,lean,earley,102046226,125000,0.0012249350603127645
earley,cfg4,earley.cfg4.n051,51,lean,earley,97355472,180000,0.0018488945336323777
earley,cfg4,earley.cfg4.n053,53,lean,earley,121293754,102000,0.0008409336559902335
earley,cfg4,earley.cfg4.n055,55,lean,earley,131747640,104000,0.0007893879541219865
earley,cfg4,earley.cfg4.n057,57,lean,earley,124459008,113000,0.0009079294605979826
earley,cfg4,earley.cfg4.n059,59,lean,earley,183430503,219000,0.0011939126612982138
earley,cfg4,earley.cfg4.n061,61,lean,earley,175215660,189000,0.001078670707857962
earley,cfg4,earley.cfg4.n063,63,lean,earley,177645531,118000,0.0006642441233154354
earley,cfg4,earley.cfg4.n065,65,lean,earley,204161021,127000,0.0006220580176271748
earley,cfg5,earley.cfg5.n001,1,lean,earley,214754,25000,0.11641226705905361
earley,cfg5,earley.cfg5.n003,3,lean,earley,3693979,34000,0.00920416710544375
earley,cfg5,earley.cfg5.n005,5,lean,earley,20631010,113000,0.0054771918582754795
earley,cfg5,earley.cfg5.n007,7,lean,earley,58080399,89000,0.0015323586189550798
earley,cfg5,earley.cfg5.n009,9,lean,earley,147120488,116000,0.0007884693802810116
earley,cfg5,earley.cfg5.n011,11,lean,earley,309651987,119000,0.0003843023942875587
earley,cfg5,earley.cfg5.n013,13,lean,earley,450576761,172000,0.000381732958482517
earley,cfg5,earley.cfg5.n015,15,lean,earley,862855235,186000,0.00021556339053792727
earley,cfg5,earley.cfg5.n017,17,lean,earley,1476689951,288000,0.00019503078476627354
earley,cfg5,earley.cfg5.n019,19,lean,earley,2486449688,249000,0.00010014278640010833
earley,cfg5,earley.cfg5.n021,21,lean,earley,3687432207,207000,5.6136625266504865e-05
earley,cfg5,earley.cfg5.n023,23,lean,earley,3899166525,212000,5.4370593982261376e-05
earley,cfg5,earley.cfg5.n025,25,lean,earley,4907443533,213000,4.34034540729172e-05
earley,cfg5,earley.cfg5.n027,27,lean,earley,6340482078,251000,3.958689527266573e-05
earley,cfg5,earley.cfg5.n029,29,lean,earley,8286786142,369000,4.452872243556445e-05
earley,cfg5,earley.cfg5.n031,31,lean,earley,10348868364,416000,4.0197631795870044e-05
earley,cfg5,earley.cfg5.n033,33,lean,earley,12924874834,366000,2.831748892741347e-05
earley,cfg5,earley.cfg5.n035,35,lean,earley,17776996827,313000,1.760702344979948e-05
earley,cfg5,earley.cfg5.n037,37,lean,earley,19958793613,377000,1.8888917201611027e-05
earley,cfg5,earley.cfg5.n039,39,lean,earley,24539773462,373000,1.5199814316851496e-05
earley,cfg5,earley.cfg5.n041,41,lean,earley,29894451229,611000,2.0438575551013336e-05
earley,cfg5,earley.cfg5.n043,43,lean,earley,36164782071,575000,1.5899446009964592e-05
earley,cfg5,earley.cfg5.n045,45,lean,earley,43697536283,738000,1.688882401104865e-05
earley,cfg5,earley.cfg5.n047,47,lean,earley,50584920736,955000,1.8879143944577754e-05
earley,cfg5,earley.cfg5.n049,49,lean,earley,59238930818,839000,1.4162983504507585e-05
